interaction_id,hcp_id,msl_name,interaction_date,channel,duration_minutes,raw_notes
INT-00001,HCP-00039,Dr. Amara Osei,2026-09-01,Congress,15,Met with the HCP via congress to discuss combination strategies with immunotherapy for HER3-DXd (patritumab deruxtecan (pipeline)) in EGFR-mutant NSCLC (investigational). Overall tone was positive and scientific interest appeared medium. Asked about mechanism of action regarding subgroup analysis evidence. HCP compared experience with Trodelvy and asked how our data differs. Requested a follow-up with additional materials. Non-promotional scientific exchange only.
INT-00002,HCP-00258,Dr. Farid Nazari,2026-05-24,Virtual,30,Met with the HCP via virtual to discuss long-term duration of response and survival outcomes for HER3-DXd (patritumab deruxtecan (pipeline)) in EGFR-mutant NSCLC (investigational). Overall tone was neutral and scientific interest appeared high. Wants safety management guidance regarding biomarker evidence. HCP compared experience with Tukysa and asked how our data differs. Requested a follow-up with additional materials. Non-promotional scientific exchange only.
INT-00003,HCP-00123,Dr. Grace Lim,2026-03-04,Phone,30,Met with the HCP via phone to discuss combination strategies with immunotherapy for Vanflyta (quizartinib) in FLT3-ITD+ acute myeloid leukemia. Overall tone was positive and scientific interest appeared high. Asked about mechanism of action regarding subgroup analysis evidence. No specific follow-up requested at this time. Non-promotional scientific exchange only.
INT-00004,HCP-00093,Dr. Elise Fournier,2026-08-16,Email,15,Met with the HCP via email to discuss real-world outcomes and treatment patterns post-T-DXd for HER3-DXd (patritumab deruxtecan (pipeline)) in EGFR-mutant NSCLC (investigational). Overall tone was positive and scientific interest appeared high. Wants real-world evidence data regarding dosing evidence. HCP compared experience with Phesgo and asked how our data differs. No specific follow-up requested at this time. Non-promotional scientific exchange only.
INT-00005,HCP-00079,Dr. Ben Carrington,2026-06-05,Phone,30,Met with the HCP via phone to discuss combination strategies with immunotherapy for Datroway (datopotamab deruxtecan (Dato-DXd)) in HR+/HER2- metastatic breast cancer. Overall tone was neutral and scientific interest appeared medium. Asked for dosing schedule details regarding efficacy evidence. HCP compared experience with Tukysa and asked how our data differs. No specific follow-up requested at this time. Non-promotional scientific exchange only.
INT-00006,HCP-00213,Dr. Devin Rao,2026-09-19,Congress,60,Met with the HCP via congress to discuss long-term duration of response and survival outcomes for HER3-DXd (patritumab deruxtecan (pipeline)) in EGFR-mutant NSCLC (investigational). Overall tone was neutral and scientific interest appeared medium. Asked for congress data / abstracts regarding comparative evidence. HCP compared experience with Kadcyla and asked how our data differs. No specific follow-up requested at this time. Non-promotional scientific exchange only.
INT-00007,HCP-00102,Dr. Amara Osei,2026-05-13,Virtual,30,Met with the HCP via virtual to discuss combination strategies with immunotherapy for Vanflyta (quizartinib) in FLT3-ITD+ acute myeloid leukemia. Overall tone was neutral and scientific interest appeared high. Requested clinical trial enrollment info regarding dosing evidence. HCP compared experience with Tukysa and asked how our data differs. Requested a follow-up with additional materials. Non-promotional scientific exchange only.
INT-00008,HCP-00238,Dr. Ben Carrington,2026-04-13,Phone,20,Met with the HCP via phone to discuss head-to-head data and comparative effectiveness for Vanflyta (quizartinib) in FLT3-ITD+ acute myeloid leukemia. Overall tone was neutral and scientific interest appeared high. Requested subgroup analysis regarding real-world evidence evidence. HCP compared experience with Kadcyla and asked how our data differs. Requested a follow-up with additional materials. Non-promotional scientific exchange only.
INT-00009,HCP-00138,Dr. Grace Lim,2026-05-11,In-person,30,Met with the HCP via in-person to discuss TROP2 expression and biomarker-driven patient selection for Datroway (datopotamab deruxtecan (Dato-DXd)) in HR+/HER2- metastatic breast cancer. Overall tone was positive and scientific interest appeared high. Requested subgroup analysis regarding mechanism of action evidence. HCP compared experience with Phesgo and asked how our data differs. Requested a follow-up with additional materials. Non-promotional scientific exchange only.
INT-00010,HCP-00265,Dr. Devin Rao,2026-06-30,Congress,20,Met with the HCP via congress to discuss TROP2 expression and biomarker-driven patient selection for HER3-DXd (patritumab deruxtecan (pipeline)) in EGFR-mutant NSCLC (investigational). Overall tone was neutral and scientific interest appeared high. Asked for dosing schedule details regarding efficacy evidence. Requested a follow-up with additional materials. Non-promotional scientific exchange only.
INT-00011,HCP-00214,Dr. Farid Nazari,2026-05-14,Email,20,Met with the HCP via email to discuss CNS activity and brain metastases outcomes for Datroway (datopotamab deruxtecan (Dato-DXd)) in HR+/HER2- metastatic breast cancer. Overall tone was negative and scientific interest appeared high. Asked about mechanism of action regarding mechanism of action evidence. HCP compared experience with Tukysa and asked how our data differs. Requested a follow-up with additional materials. Non-promotional scientific exchange only.
INT-00012,HCP-00028,Dr. Henry Kwon,2026-03-04,Congress,45,Met with the HCP via congress to discuss comparative evidence versus T-DM1 and trastuzumab for HER3-DXd (patritumab deruxtecan (pipeline)) in EGFR-mutant NSCLC (investigational). Overall tone was positive and scientific interest appeared low. Asked about mechanism of action regarding biomarker evidence. No specific follow-up requested at this time. Non-promotional scientific exchange only.
INT-00013,HCP-00039,Dr. Amara Osei,2026-04-25,Email,30,Met with the HCP via email to discuss real-world evidence for T-DXd in HER2-low populations for Datroway (datopotamab deruxtecan (Dato-DXd)) in TROP2 metastatic NSCLC. Overall tone was negative and scientific interest appeared medium. Requested biomarker testing guidance regarding dosing evidence. No specific follow-up requested at this time. Non-promotional scientific exchange only.
INT-00014,HCP-00074,Dr. Henry Kwon,2026-07-16,In-person,30,Met with the HCP via in-person to discuss general scientific exchange on the oncology portfolio for Vanflyta (quizartinib) in FLT3-ITD+ acute myeloid leukemia. Overall tone was positive and scientific interest appeared low. Requested biomarker testing guidance regarding comparative evidence. Requested a follow-up with additional materials. Non-promotional scientific exchange only.
INT-00015,HCP-00150,Dr. Grace Lim,2026-03-10,Virtual,30,Met with the HCP via virtual to discuss optimal sequencing after T-DXd progression for Enhertu (trastuzumab deruxtecan (T-DXd)) in HER2+ metastatic breast cancer. Overall tone was positive and scientific interest appeared high. Asked for congress data / abstracts regarding safety evidence. HCP compared experience with Perjeta and asked how our data differs. No specific follow-up requested at this time. Non-promotional scientific exchange only.
INT-00016,HCP-00254,Dr. Farid Nazari,2026-03-31,Congress,60,Met with the HCP via congress to discuss comparative evidence versus T-DM1 and trastuzumab for HER3-DXd (patritumab deruxtecan (pipeline)) in EGFR-mutant NSCLC (investigational). Overall tone was neutral and scientific interest appeared low. Asked for dosing schedule details regarding safety evidence. HCP compared experience with Phesgo and asked how our data differs. No specific follow-up requested at this time. Non-promotional scientific exchange only.
INT-00017,HCP-00111,Dr. Grace Lim,2026-01-15,In-person,15,Met with the HCP via in-person to discuss comparative evidence versus T-DM1 and trastuzumab for HER3-DXd (patritumab deruxtecan (pipeline)) in EGFR-mutant NSCLC (investigational). Overall tone was neutral and scientific interest appeared high. Requested biomarker testing guidance regarding subgroup analysis evidence. No specific follow-up requested at this time. Non-promotional scientific exchange only.
INT-00018,HCP-00274,Dr. Farid Nazari,2026-07-26,In-person,20,Met with the HCP via in-person to discuss optimal sequencing after T-DXd progression for Datroway (datopotamab deruxtecan (Dato-DXd)) in HR+/HER2- metastatic breast cancer. Overall tone was negative and scientific interest appeared low. Requested subgroup analysis regarding comparative evidence. HCP compared experience with Kadcyla and asked how our data differs. No specific follow-up requested at this time. Non-promotional scientific exchange only.
INT-00019,HCP-00004,Dr. Devin Rao,2026-05-09,Email,45,Met with the HCP via email to discuss long-term duration of response and survival outcomes for Datroway (datopotamab deruxtecan (Dato-DXd)) in HR+/HER2- metastatic breast cancer. Overall tone was neutral and scientific interest appeared high. Requested peer-reviewed publications regarding efficacy evidence. HCP compared experience with Phesgo and asked how our data differs. No specific follow-up requested at this time. Non-promotional scientific exchange only.
INT-00020,HCP-00196,Dr. Amara Osei,2026-01-26,Congress,30,Met with the HCP via congress to discuss HER2-ultralow diagnostic thresholds and assay standardization for Datroway (datopotamab deruxtecan (Dato-DXd)) in HR+/HER2- metastatic breast cancer. Overall tone was neutral and scientific interest appeared medium. Requested biomarker testing guidance regarding real-world evidence evidence. HCP compared experience with Trodelvy and asked how our data differs. No specific follow-up requested at this time. Non-promotional scientific exchange only.
INT-00021,HCP-00098,Dr. Grace Lim,2026-07-08,Email,30,Met with the HCP via email to discuss interstitial lung disease / pneumonitis monitoring and management for HER3-DXd (patritumab deruxtecan (pipeline)) in EGFR-mutant NSCLC (investigational). Overall tone was neutral and scientific interest appeared low. Wants real-world evidence data regarding dosing evidence. Requested a follow-up with additional materials. Non-promotional scientific exchange only.
INT-00022,HCP-00186,Dr. Amara Osei,2026-01-17,Congress,30,Met with the HCP via congress to discuss TROP2 expression and biomarker-driven patient selection for Enhertu (trastuzumab deruxtecan (T-DXd)) in HER2+ metastatic breast cancer. Overall tone was neutral and scientific interest appeared medium. Wants safety management guidance regarding real-world evidence evidence. No specific follow-up requested at this time. Non-promotional scientific exchange only.
INT-00023,HCP-00102,Dr. Amara Osei,2026-05-16,Email,20,Met with the HCP via email to discuss HER2-ultralow diagnostic thresholds and assay standardization for Vanflyta (quizartinib) in FLT3-ITD+ acute myeloid leukemia. Overall tone was neutral and scientific interest appeared medium. Requested comparative efficacy data regarding real-world evidence evidence. HCP compared experience with Trodelvy and asked how our data differs. Requested a follow-up with additional materials. Non-promotional scientific exchange only.
INT-00024,HCP-00285,Dr. Henry Kwon,2026-05-01,Virtual,15,Met with the HCP via virtual to discuss TROP2 expression and biomarker-driven patient selection for Vanflyta (quizartinib) in FLT3-ITD+ acute myeloid leukemia. Overall tone was neutral and scientific interest appeared high. Asked about mechanism of action regarding real-world evidence evidence. HCP compared experience with Trodelvy and asked how our data differs. No specific follow-up requested at this time. Non-promotional scientific exchange only.
INT-00025,HCP-00124,Dr. Farid Nazari,2026-04-12,Congress,30,Met with the HCP via congress to discuss interstitial lung disease / pneumonitis monitoring and management for HER3-DXd (patritumab deruxtecan (pipeline)) in EGFR-mutant NSCLC (investigational). Overall tone was neutral and scientific interest appeared high. Requested comparative efficacy data regarding real-world evidence evidence. HCP compared experience with Trodelvy and asked how our data differs. No specific follow-up requested at this time. Non-promotional scientific exchange only.
INT-00026,HCP-00162,Dr. Ben Carrington,2026-09-09,Congress,15,Met with the HCP via congress to discuss real-world evidence for T-DXd in HER2-low populations for HER3-DXd (patritumab deruxtecan (pipeline)) in EGFR-mutant NSCLC (investigational). Overall tone was neutral and scientific interest appeared low. Asked for congress data / abstracts regarding safety evidence. No specific follow-up requested at this time. Non-promotional scientific exchange only.
INT-00027,HCP-00095,Dr. Ben Carrington,2026-08-08,In-person,45,Met with the HCP via in-person to discuss TROPION-Lung and TROPION-Breast trial design for Datroway (datopotamab deruxtecan (Dato-DXd)) in TROP2 metastatic NSCLC. Overall tone was negative and scientific interest appeared medium. Wants safety management guidance regarding real-world evidence evidence. HCP compared experience with Tukysa and asked how our data differs. Requested a follow-up with additional materials. Non-promotional scientific exchange only.
INT-00028,HCP-00247,Dr. Amara Osei,2026-09-20,Phone,30,Met with the HCP via phone to discuss TROPION-Lung and TROPION-Breast trial design for Vanflyta (quizartinib) in FLT3-ITD+ acute myeloid leukemia. Overall tone was positive and scientific interest appeared medium. Requested biomarker testing guidance regarding comparative evidence. HCP compared experience with Tukysa and asked how our data differs. Requested a follow-up with additional materials. Non-promotional scientific exchange only.
INT-00029,HCP-00234,Dr. Amara Osei,2026-01-31,In-person,60,Met with the HCP via in-person to discuss comparative evidence versus T-DM1 and trastuzumab for Enhertu (trastuzumab deruxtecan (T-DXd)) in HER2-ultralow metastatic breast cancer. Overall tone was positive and scientific interest appeared medium. Asked for dosing schedule details regarding subgroup analysis evidence. HCP compared experience with Tukysa and asked how our data differs. No specific follow-up requested at this time. Non-promotional scientific exchange only.
INT-00030,HCP-00096,Dr. Amara Osei,2026-03-26,Email,30,Met with the HCP via email to discuss long-term duration of response and survival outcomes for Datroway (datopotamab deruxtecan (Dato-DXd)) in TROP2 metastatic NSCLC. Overall tone was negative and scientific interest appeared medium. Asked for congress data / abstracts regarding mechanism of action evidence. HCP compared experience with Trodelvy and asked how our data differs. No specific follow-up requested at this time. Non-promotional scientific exchange only.
INT-00031,HCP-00040,Dr. Amara Osei,2026-08-17,Email,30,Met with the HCP via email to discuss general scientific exchange on the oncology portfolio for Datroway (datopotamab deruxtecan (Dato-DXd)) in HR+/HER2- metastatic breast cancer. Overall tone was positive and scientific interest appeared low. Requested subgroup analysis regarding comparative evidence. HCP compared experience with Kadcyla and asked how our data differs. No specific follow-up requested at this time. Non-promotional scientific exchange only.
INT-00032,HCP-00097,Dr. Henry Kwon,2026-06-20,Congress,15,Met with the HCP via congress to discuss TROPION-Lung and TROPION-Breast trial design for Enhertu (trastuzumab deruxtecan (T-DXd)) in HER2-low metastatic breast cancer. Overall tone was positive and scientific interest appeared high. Requested comparative efficacy data regarding real-world evidence evidence. HCP compared experience with Perjeta and asked how our data differs. Requested a follow-up with additional materials. Non-promotional scientific exchange only.
INT-00033,HCP-00212,Dr. Clara Winters,2026-05-09,In-person,45,Met with the HCP via in-person to discuss nausea and dosing management for antibody-drug conjugates for Enhertu (trastuzumab deruxtecan (T-DXd)) in HER2+ metastatic gastric cancer. Overall tone was neutral and scientific interest appeared high. Asked for congress data / abstracts regarding subgroup analysis evidence. No specific follow-up requested at this time. Non-promotional scientific exchange only.
INT-00034,HCP-00091,Dr. Grace Lim,2026-05-14,Email,45,Met with the HCP via email to discuss general scientific exchange on the oncology portfolio for HER3-DXd (patritumab deruxtecan (pipeline)) in EGFR-mutant NSCLC (investigational). Overall tone was positive and scientific interest appeared medium. Asked about mechanism of action regarding biomarker evidence. HCP compared experience with Kadcyla and asked how our data differs. Requested a follow-up with additional materials. Non-promotional scientific exchange only.
INT-00035,HCP-00149,Dr. Amara Osei,2026-09-19,Virtual,30,Met with the HCP via virtual to discuss nausea and dosing management for antibody-drug conjugates for Vanflyta (quizartinib) in FLT3-ITD+ acute myeloid leukemia. Overall tone was neutral and scientific interest appeared medium. Asked for congress data / abstracts regarding comparative evidence. HCP compared experience with Perjeta and asked how our data differs. Requested a follow-up with additional materials. Non-promotional scientific exchange only.
INT-00036,HCP-00124,Dr. Farid Nazari,2026-07-22,Virtual,20,Met with the HCP via virtual to discuss interstitial lung disease / pneumonitis monitoring and management for Datroway (datopotamab deruxtecan (Dato-DXd)) in HR+/HER2- metastatic breast cancer. Overall tone was neutral and scientific interest appeared high. Requested clinical trial enrollment info regarding efficacy evidence. Requested a follow-up with additional materials. Non-promotional scientific exchange only.
INT-00037,HCP-00060,Dr. Ben Carrington,2026-07-26,Virtual,45,Met with the HCP via virtual to discuss real-world outcomes and treatment patterns post-T-DXd for HER3-DXd (patritumab deruxtecan (pipeline)) in EGFR-mutant NSCLC (investigational). Overall tone was positive and scientific interest appeared high. Requested comparative efficacy data regarding comparative evidence. Requested a follow-up with additional materials. Non-promotional scientific exchange only.
INT-00038,HCP-00259,Dr. Elise Fournier,2026-01-14,Email,30,Met with the HCP via email to discuss interstitial lung disease / pneumonitis monitoring and management for Datroway (datopotamab deruxtecan (Dato-DXd)) in TROP2 metastatic NSCLC. Overall tone was negative and scientific interest appeared medium. Asked about mechanism of action regarding dosing evidence. HCP compared experience with Phesgo and asked how our data differs. Requested a follow-up with additional materials. Non-promotional scientific exchange only.
INT-00039,HCP-00150,Dr. Elise Fournier,2026-04-03,Phone,15,Met with the HCP via phone to discuss general scientific exchange on the oncology portfolio for Enhertu (trastuzumab deruxtecan (T-DXd)) in HER2-low metastatic breast cancer. Overall tone was negative and scientific interest appeared high. Requested biomarker testing guidance regarding comparative evidence. HCP compared experience with Kadcyla and asked how our data differs. Requested a follow-up with additional materials. Non-promotional scientific exchange only.
INT-00040,HCP-00184,Dr. Ben Carrington,2026-02-03,Virtual,30,Met with the HCP via virtual to discuss interstitial lung disease / pneumonitis monitoring and management for Vanflyta (quizartinib) in FLT3-ITD+ acute myeloid leukemia. Overall tone was negative and scientific interest appeared medium. Wants real-world evidence data regarding dosing evidence. No specific follow-up requested at this time. Non-promotional scientific exchange only.
INT-00041,HCP-00091,Dr. Devin Rao,2026-09-20,In-person,60,Met with the HCP via in-person to discuss optimal sequencing after T-DXd progression for Datroway (datopotamab deruxtecan (Dato-DXd)) in HR+/HER2- metastatic breast cancer. Overall tone was neutral and scientific interest appeared medium. Asked for dosing schedule details regarding subgroup analysis evidence. Requested a follow-up with additional materials. Non-promotional scientific exchange only.
INT-00042,HCP-00295,Dr. Elise Fournier,2026-07-29,Virtual,60,Met with the HCP via virtual to discuss general scientific exchange on the oncology portfolio for Datroway (datopotamab deruxtecan (Dato-DXd)) in TROP2 metastatic NSCLC. Overall tone was negative and scientific interest appeared medium. Requested clinical trial enrollment info regarding efficacy evidence. HCP compared experience with Perjeta and asked how our data differs. No specific follow-up requested at this time. Non-promotional scientific exchange only.
INT-00043,HCP-00246,Dr. Devin Rao,2026-03-21,Congress,20,Met with the HCP via congress to discuss general scientific exchange on the oncology portfolio for Enhertu (trastuzumab deruxtecan (T-DXd)) in HER2+ metastatic breast cancer. Overall tone was negative and scientific interest appeared medium. Requested biomarker testing guidance regarding subgroup analysis evidence. HCP compared experience with Kadcyla and asked how our data differs. Requested a follow-up with additional materials. Non-promotional scientific exchange only.
INT-00044,HCP-00107,Dr. Devin Rao,2026-01-11,Virtual,45,Met with the HCP via virtual to discuss long-term duration of response and survival outcomes for HER3-DXd (patritumab deruxtecan (pipeline)) in EGFR-mutant NSCLC (investigational). Overall tone was negative and scientific interest appeared high. Asked about mechanism of action regarding biomarker evidence. Requested a follow-up with additional materials. Non-promotional scientific exchange only.
INT-00045,HCP-00092,Dr. Elise Fournier,2026-09-22,In-person,45,Met with the HCP via in-person to discuss TROPION-Lung and TROPION-Breast trial design for HER3-DXd (patritumab deruxtecan (pipeline)) in EGFR-mutant NSCLC (investigational). Overall tone was positive and scientific interest appeared high. Requested biomarker testing guidance regarding comparative evidence. HCP compared experience with Trodelvy and asked how our data differs. Requested a follow-up with additional materials. Non-promotional scientific exchange only.
INT-00046,HCP-00236,Dr. Amara Osei,2026-01-13,Email,45,Met with the HCP via email to discuss nausea and dosing management for antibody-drug conjugates for HER3-DXd (patritumab deruxtecan (pipeline)) in EGFR-mutant NSCLC (investigational). Overall tone was positive and scientific interest appeared low. Asked for congress data / abstracts regarding safety evidence. No specific follow-up requested at this time. Non-promotional scientific exchange only.
INT-00047,HCP-00130,Dr. Grace Lim,2026-01-29,Phone,20,Met with the HCP via phone to discuss DESTINY-Breast04 and DESTINY-Breast06 efficacy data for Datroway (datopotamab deruxtecan (Dato-DXd)) in HR+/HER2- metastatic breast cancer. Overall tone was positive and scientific interest appeared medium. Asked for congress data / abstracts regarding safety evidence. HCP compared experience with Trodelvy and asked how our data differs. Requested a follow-up with additional materials. Non-promotional scientific exchange only.
INT-00048,HCP-00013,Dr. Elise Fournier,2026-01-25,Virtual,15,Met with the HCP via virtual to discuss comparative evidence versus T-DM1 and trastuzumab for HER3-DXd (patritumab deruxtecan (pipeline)) in EGFR-mutant NSCLC (investigational). Overall tone was neutral and scientific interest appeared high. Wants safety management guidance regarding mechanism of action evidence. No specific follow-up requested at this time. Non-promotional scientific exchange only.
INT-00049,HCP-00279,Dr. Henry Kwon,2026-07-01,Congress,60,Met with the HCP via congress to discuss combination strategies with immunotherapy for HER3-DXd (patritumab deruxtecan (pipeline)) in EGFR-mutant NSCLC (investigational). Overall tone was neutral and scientific interest appeared medium. Requested biomarker testing guidance regarding dosing evidence. HCP compared experience with Kadcyla and asked how our data differs. Requested a follow-up with additional materials. Non-promotional scientific exchange only.
INT-00050,HCP-00212,Dr. Elise Fournier,2026-09-25,Congress,15,Met with the HCP via congress to discuss TROP2 expression and biomarker-driven patient selection for Enhertu (trastuzumab deruxtecan (T-DXd)) in HER2-ultralow metastatic breast cancer. Overall tone was neutral and scientific interest appeared high. Asked about mechanism of action regarding dosing evidence. HCP compared experience with Perjeta and asked how our data differs. Requested a follow-up with additional materials. Non-promotional scientific exchange only.
INT-00051,HCP-00235,Dr. Henry Kwon,2026-09-04,Email,30,Met with the HCP via email to discuss interstitial lung disease / pneumonitis monitoring and management for Vanflyta (quizartinib) in FLT3-ITD+ acute myeloid leukemia. Overall tone was negative and scientific interest appeared medium. Requested peer-reviewed publications regarding biomarker evidence. HCP compared experience with Trodelvy and asked how our data differs. No specific follow-up requested at this time. Non-promotional scientific exchange only.
INT-00052,HCP-00170,Dr. Devin Rao,2026-03-17,Congress,45,Met with the HCP via congress to discuss real-world evidence for T-DXd in HER2-low populations for HER3-DXd (patritumab deruxtecan (pipeline)) in EGFR-mutant NSCLC (investigational). Overall tone was neutral and scientific interest appeared low. Asked for congress data / abstracts regarding mechanism of action evidence. HCP compared experience with Perjeta and asked how our data differs. No specific follow-up requested at this time. Non-promotional scientific exchange only.
INT-00053,HCP-00090,Dr. Amara Osei,2026-07-01,Email,30,Met with the HCP via email to discuss head-to-head data and comparative effectiveness for HER3-DXd (patritumab deruxtecan (pipeline)) in EGFR-mutant NSCLC (investigational). Overall tone was positive and scientific interest appeared medium. Requested comparative efficacy data regarding mechanism of action evidence. HCP compared experience with Perjeta and asked how our data differs. Requested a follow-up with additional materials. Non-promotional scientific exchange only.
INT-00054,HCP-00175,Dr. Amara Osei,2026-03-13,Congress,30,Met with the HCP via congress to discuss combination strategies with immunotherapy for Vanflyta (quizartinib) in FLT3-ITD+ acute myeloid leukemia. Overall tone was neutral and scientific interest appeared medium. Requested clinical trial enrollment info regarding efficacy evidence. No specific follow-up requested at this time. Non-promotional scientific exchange only.
INT-00055,HCP-00128,Dr. Grace Lim,2026-02-18,Congress,15,Met with the HCP via congress to discuss comparative evidence versus T-DM1 and trastuzumab for Datroway (datopotamab deruxtecan (Dato-DXd)) in HR+/HER2- metastatic breast cancer. Overall tone was neutral and scientific interest appeared medium. Requested clinical trial enrollment info regarding comparative evidence. Requested a follow-up with additional materials. Non-promotional scientific exchange only.
INT-00056,HCP-00177,Dr. Ben Carrington,2026-01-03,In-person,45,Met with the HCP via in-person to discuss HER2-ultralow diagnostic thresholds and assay standardization for Vanflyta (quizartinib) in FLT3-ITD+ acute myeloid leukemia. Overall tone was negative and scientific interest appeared medium. Asked for congress data / abstracts regarding mechanism of action evidence. Requested a follow-up with additional materials. Non-promotional scientific exchange only.
INT-00057,HCP-00016,Dr. Ben Carrington,2026-07-13,In-person,30,Met with the HCP via in-person to discuss interstitial lung disease / pneumonitis monitoring and management for Vanflyta (quizartinib) in FLT3-ITD+ acute myeloid leukemia. Overall tone was neutral and scientific interest appeared low. Wants safety management guidance regarding comparative evidence. HCP compared experience with Tukysa and asked how our data differs. No specific follow-up requested at this time. Non-promotional scientific exchange only.
INT-00058,HCP-00268,Dr. Henry Kwon,2026-08-28,Email,30,Met with the HCP via email to discuss intracranial response in patients with brain metastases for Datroway (datopotamab deruxtecan (Dato-DXd)) in HR+/HER2- metastatic breast cancer. Overall tone was positive and scientific interest appeared medium. Requested subgroup analysis regarding mechanism of action evidence. Requested a follow-up with additional materials. Non-promotional scientific exchange only.
INT-00059,HCP-00249,Dr. Farid Nazari,2026-05-16,Congress,60,Met with the HCP via congress to discuss TROP2 expression and biomarker-driven patient selection for Datroway (datopotamab deruxtecan (Dato-DXd)) in TROP2 metastatic NSCLC. Overall tone was positive and scientific interest appeared medium. Asked for congress data / abstracts regarding mechanism of action evidence. Requested a follow-up with additional materials. Non-promotional scientific exchange only.
INT-00060,HCP-00226,Dr. Clara Winters,2026-08-30,In-person,30,Met with the HCP via in-person to discuss comparative evidence versus T-DM1 and trastuzumab for Enhertu (trastuzumab deruxtecan (T-DXd)) in HER2+ metastatic gastric cancer. Overall tone was negative and scientific interest appeared high. Requested clinical trial enrollment info regarding biomarker evidence. Requested a follow-up with additional materials. Non-promotional scientific exchange only.
INT-00061,HCP-00024,Dr. Grace Lim,2026-03-27,In-person,15,Met with the HCP via in-person to discuss TROPION-Lung and TROPION-Breast trial design for Enhertu (trastuzumab deruxtecan (T-DXd)) in HER2-low metastatic breast cancer. Overall tone was neutral and scientific interest appeared low. Asked for congress data / abstracts regarding subgroup analysis evidence. HCP compared experience with Phesgo and asked how our data differs. Requested a follow-up with additional materials. Non-promotional scientific exchange only.
INT-00062,HCP-00075,Dr. Elise Fournier,2026-09-24,Phone,15,Met with the HCP via phone to discuss interstitial lung disease / pneumonitis monitoring and management for Enhertu (trastuzumab deruxtecan (T-DXd)) in HER2-low metastatic breast cancer. Overall tone was positive and scientific interest appeared medium. Requested subgroup analysis regarding safety evidence. HCP compared experience with Trodelvy and asked how our data differs. No specific follow-up requested at this time. Non-promotional scientific exchange only.
INT-00063,HCP-00157,Dr. Henry Kwon,2026-09-04,Email,20,Met with the HCP via email to discuss nausea and dosing management for antibody-drug conjugates for Datroway (datopotamab deruxtecan (Dato-DXd)) in TROP2 metastatic NSCLC. Overall tone was neutral and scientific interest appeared high. Requested subgroup analysis regarding mechanism of action evidence. Requested a follow-up with additional materials. Non-promotional scientific exchange only.
INT-00064,HCP-00122,Dr. Ben Carrington,2026-02-13,Email,45,Met with the HCP via email to discuss CNS activity and brain metastases outcomes for Datroway (datopotamab deruxtecan (Dato-DXd)) in TROP2 metastatic NSCLC. Overall tone was negative and scientific interest appeared low. Requested biomarker testing guidance regarding safety evidence. HCP compared experience with Trodelvy and asked how our data differs. No specific follow-up requested at this time. Non-promotional scientific exchange only.
INT-00065,HCP-00127,Dr. Henry Kwon,2026-08-08,Email,20,Met with the HCP via email to discuss CNS activity and brain metastases outcomes for Vanflyta (quizartinib) in FLT3-ITD+ acute myeloid leukemia. Overall tone was neutral and scientific interest appeared medium. Requested comparative efficacy data regarding comparative evidence. HCP compared experience with Tukysa and asked how our data differs. Requested a follow-up with additional materials. Non-promotional scientific exchange only.
INT-00066,HCP-00025,Dr. Ben Carrington,2026-06-09,Email,45,Met with the HCP via email to discuss DESTINY-Breast04 and DESTINY-Breast06 efficacy data for Datroway (datopotamab deruxtecan (Dato-DXd)) in HR+/HER2- metastatic breast cancer. Overall tone was positive and scientific interest appeared medium. Requested peer-reviewed publications regarding safety evidence. HCP compared experience with Phesgo and asked how our data differs. No specific follow-up requested at this time. Non-promotional scientific exchange only.
INT-00067,HCP-00204,Dr. Grace Lim,2026-01-07,In-person,20,Met with the HCP via in-person to discuss HER2-ultralow diagnostic thresholds and assay standardization for Datroway (datopotamab deruxtecan (Dato-DXd)) in TROP2 metastatic NSCLC. Overall tone was positive and scientific interest appeared medium. Requested clinical trial enrollment info regarding dosing evidence. HCP compared experience with Phesgo and asked how our data differs. No specific follow-up requested at this time. Non-promotional scientific exchange only.
INT-00068,HCP-00285,Dr. Henry Kwon,2026-04-30,Phone,20,Met with the HCP via phone to discuss TROP2 expression and biomarker-driven patient selection for Enhertu (trastuzumab deruxtecan (T-DXd)) in HER2+ metastatic breast cancer. Overall tone was neutral and scientific interest appeared high. Requested comparative efficacy data regarding safety evidence. Requested a follow-up with additional materials. Non-promotional scientific exchange only.
INT-00069,HCP-00104,Dr. Ben Carrington,2026-04-15,Email,20,Met with the HCP via email to discuss ADC-related ILD adverse event grading and dose interruption for HER3-DXd (patritumab deruxtecan (pipeline)) in EGFR-mutant NSCLC (investigational). Overall tone was positive and scientific interest appeared high. Requested peer-reviewed publications regarding comparative evidence. Requested a follow-up with additional materials. Non-promotional scientific exchange only.
INT-00070,HCP-00131,Dr. Elise Fournier,2026-04-28,Congress,45,Met with the HCP via congress to discuss comparative evidence versus T-DM1 and trastuzumab for Datroway (datopotamab deruxtecan (Dato-DXd)) in TROP2 metastatic NSCLC. Overall tone was neutral and scientific interest appeared high. Requested comparative efficacy data regarding comparative evidence. No specific follow-up requested at this time. Non-promotional scientific exchange only.
INT-00071,HCP-00254,Dr. Clara Winters,2026-05-31,Email,20,Met with the HCP via email to discuss real-world outcomes and treatment patterns post-T-DXd for Enhertu (trastuzumab deruxtecan (T-DXd)) in HER2+ metastatic gastric cancer. Overall tone was neutral and scientific interest appeared high. Requested subgroup analysis regarding biomarker evidence. Requested a follow-up with additional materials. Non-promotional scientific exchange only.
INT-00072,HCP-00133,Dr. Devin Rao,2026-03-28,Congress,30,Met with the HCP via congress to discuss comparative evidence versus T-DM1 and trastuzumab for HER3-DXd (patritumab deruxtecan (pipeline)) in EGFR-mutant NSCLC (investigational). Overall tone was positive and scientific interest appeared medium. Asked for congress data / abstracts regarding subgroup analysis evidence. Requested a follow-up with additional materials. Non-promotional scientific exchange only.
INT-00073,HCP-00241,Dr. Farid Nazari,2026-06-15,Email,30,Met with the HCP via email to discuss head-to-head data and comparative effectiveness for Datroway (datopotamab deruxtecan (Dato-DXd)) in HR+/HER2- metastatic breast cancer. Overall tone was neutral and scientific interest appeared high. Wants real-world evidence data regarding dosing evidence. No specific follow-up requested at this time. Non-promotional scientific exchange only.
INT-00074,HCP-00215,Dr. Clara Winters,2026-01-13,Virtual,60,Met with the HCP via virtual to discuss real-world evidence for T-DXd in HER2-low populations for Enhertu (trastuzumab deruxtecan (T-DXd)) in HER2+ metastatic gastric cancer. Overall tone was positive and scientific interest appeared high. Asked about mechanism of action regarding dosing evidence. HCP compared experience with Phesgo and asked how our data differs. No specific follow-up requested at this time. Non-promotional scientific exchange only.
INT-00075,HCP-00099,Dr. Clara Winters,2026-03-31,Congress,60,Met with the HCP via congress to discuss CNS activity and brain metastases outcomes for HER3-DXd (patritumab deruxtecan (pipeline)) in EGFR-mutant NSCLC (investigational). Overall tone was negative and scientific interest appeared medium. Requested comparative efficacy data regarding real-world evidence evidence. HCP compared experience with Trodelvy and asked how our data differs. Requested a follow-up with additional materials. Non-promotional scientific exchange only.
INT-00076,HCP-00098,Dr. Devin Rao,2026-06-17,Congress,45,Met with the HCP via congress to discuss HER2-ultralow diagnostic thresholds and assay standardization for Datroway (datopotamab deruxtecan (Dato-DXd)) in TROP2 metastatic NSCLC. Overall tone was neutral and scientific interest appeared low. Asked for congress data / abstracts regarding subgroup analysis evidence. Requested a follow-up with additional materials. Non-promotional scientific exchange only.
INT-00077,HCP-00259,Dr. Amara Osei,2026-05-21,Congress,30,Met with the HCP via congress to discuss intracranial response in patients with brain metastases for HER3-DXd (patritumab deruxtecan (pipeline)) in EGFR-mutant NSCLC (investigational). Overall tone was positive and scientific interest appeared medium. Requested biomarker testing guidance regarding real-world evidence evidence. HCP compared experience with Perjeta and asked how our data differs. No specific follow-up requested at this time. Non-promotional scientific exchange only.
INT-00078,HCP-00136,Dr. Clara Winters,2026-06-16,Phone,30,Met with the HCP via phone to discuss real-world outcomes and treatment patterns post-T-DXd for Vanflyta (quizartinib) in FLT3-ITD+ acute myeloid leukemia. Overall tone was positive and scientific interest appeared medium. Requested subgroup analysis regarding real-world evidence evidence. HCP compared experience with Phesgo and asked how our data differs. No specific follow-up requested at this time. Non-promotional scientific exchange only.
INT-00079,HCP-00046,Dr. Elise Fournier,2026-02-10,In-person,15,Met with the HCP via in-person to discuss DESTINY-Breast04 and DESTINY-Breast06 efficacy data for Vanflyta (quizartinib) in FLT3-ITD+ acute myeloid leukemia. Overall tone was positive and scientific interest appeared medium. Requested peer-reviewed publications regarding comparative evidence. HCP compared experience with Tukysa and asked how our data differs. Requested a follow-up with additional materials. Non-promotional scientific exchange only.
INT-00080,HCP-00136,Dr. Henry Kwon,2026-09-17,Congress,30,Met with the HCP via congress to discuss real-world outcomes and treatment patterns post-T-DXd for Vanflyta (quizartinib) in FLT3-ITD+ acute myeloid leukemia. Overall tone was negative and scientific interest appeared low. Requested comparative efficacy data regarding dosing evidence. HCP compared experience with Tukysa and asked how our data differs. No specific follow-up requested at this time. Non-promotional scientific exchange only.
INT-00081,HCP-00175,Dr. Amara Osei,2026-03-01,Virtual,30,Met with the HCP via virtual to discuss optimal sequencing after T-DXd progression for Datroway (datopotamab deruxtecan (Dato-DXd)) in HR+/HER2- metastatic breast cancer. Overall tone was neutral and scientific interest appeared medium. Asked about mechanism of action regarding efficacy evidence. HCP compared experience with Phesgo and asked how our data differs. Requested a follow-up with additional materials. Non-promotional scientific exchange only.
INT-00082,HCP-00100,Dr. Grace Lim,2026-09-12,Congress,20,Met with the HCP via congress to discuss TROPION-Lung and TROPION-Breast trial design for Enhertu (trastuzumab deruxtecan (T-DXd)) in HER2+ metastatic breast cancer. Overall tone was neutral and scientific interest appeared high. Requested clinical trial enrollment info regarding real-world evidence evidence. HCP compared experience with Trodelvy and asked how our data differs. No specific follow-up requested at this time. Non-promotional scientific exchange only.
INT-00083,HCP-00186,Dr. Grace Lim,2026-07-03,Congress,20,Met with the HCP via congress to discuss combination strategies with immunotherapy for Enhertu (trastuzumab deruxtecan (T-DXd)) in HER2-mutant metastatic NSCLC. Overall tone was neutral and scientific interest appeared high. Requested clinical trial enrollment info regarding comparative evidence. No specific follow-up requested at this time. Non-promotional scientific exchange only.
INT-00084,HCP-00072,Dr. Amara Osei,2026-07-03,In-person,30,Met with the HCP via in-person to discuss real-world outcomes and treatment patterns post-T-DXd for Datroway (datopotamab deruxtecan (Dato-DXd)) in TROP2 metastatic NSCLC. Overall tone was neutral and scientific interest appeared medium. Wants safety management guidance regarding real-world evidence evidence. No specific follow-up requested at this time. Non-promotional scientific exchange only.
INT-00085,HCP-00222,Dr. Amara Osei,2026-01-30,Email,30,Met with the HCP via email to discuss real-world evidence for T-DXd in HER2-low populations for Enhertu (trastuzumab deruxtecan (T-DXd)) in HER2-mutant metastatic NSCLC. Overall tone was positive and scientific interest appeared medium. Asked for congress data / abstracts regarding subgroup analysis evidence. HCP compared experience with Kadcyla and asked how our data differs. No specific follow-up requested at this time. Non-promotional scientific exchange only.
INT-00086,HCP-00201,Dr. Devin Rao,2026-03-17,Virtual,15,Met with the HCP via virtual to discuss TROPION-Lung and TROPION-Breast trial design for Datroway (datopotamab deruxtecan (Dato-DXd)) in TROP2 metastatic NSCLC. Overall tone was neutral and scientific interest appeared medium. Requested biomarker testing guidance regarding efficacy evidence. HCP compared experience with Tukysa and asked how our data differs. No specific follow-up requested at this time. Non-promotional scientific exchange only.
INT-00087,HCP-00179,Dr. Clara Winters,2026-04-29,In-person,30,Met with the HCP via in-person to discuss HER2-ultralow diagnostic thresholds and assay standardization for HER3-DXd (patritumab deruxtecan (pipeline)) in EGFR-mutant NSCLC (investigational). Overall tone was positive and scientific interest appeared medium. Requested clinical trial enrollment info regarding mechanism of action evidence. HCP compared experience with Perjeta and asked how our data differs. Requested a follow-up with additional materials. Non-promotional scientific exchange only.
INT-00088,HCP-00275,Dr. Elise Fournier,2026-06-01,Congress,30,Met with the HCP via congress to discuss comparative evidence versus T-DM1 and trastuzumab for HER3-DXd (patritumab deruxtecan (pipeline)) in EGFR-mutant NSCLC (investigational). Overall tone was positive and scientific interest appeared low. Asked about mechanism of action regarding safety evidence. HCP compared experience with Perjeta and asked how our data differs. No specific follow-up requested at this time. Non-promotional scientific exchange only.
INT-00089,HCP-00281,Dr. Elise Fournier,2026-02-27,Phone,45,Met with the HCP via phone to discuss combination strategies with immunotherapy for Vanflyta (quizartinib) in FLT3-ITD+ acute myeloid leukemia. Overall tone was positive and scientific interest appeared low. Wants real-world evidence data regarding biomarker evidence. Requested a follow-up with additional materials. Non-promotional scientific exchange only.
INT-00090,HCP-00069,Dr. Devin Rao,2026-03-20,Email,60,Met with the HCP via email to discuss DESTINY-Breast04 and DESTINY-Breast06 efficacy data for Vanflyta (quizartinib) in FLT3-ITD+ acute myeloid leukemia. Overall tone was negative and scientific interest appeared medium. Wants safety management guidance regarding real-world evidence evidence. HCP compared experience with Tukysa and asked how our data differs. No specific follow-up requested at this time. Non-promotional scientific exchange only.
INT-00091,HCP-00101,Dr. Amara Osei,2026-08-12,Phone,30,Met with the HCP via phone to discuss intracranial response in patients with brain metastases for Enhertu (trastuzumab deruxtecan (T-DXd)) in HER2+ metastatic breast cancer. Overall tone was neutral and scientific interest appeared low. Wants safety management guidance regarding subgroup analysis evidence. Requested a follow-up with additional materials. Non-promotional scientific exchange only.
INT-00092,HCP-00134,Dr. Ben Carrington,2026-07-08,Congress,60,Met with the HCP via congress to discuss DESTINY-Breast04 and DESTINY-Breast06 efficacy data for Datroway (datopotamab deruxtecan (Dato-DXd)) in HR+/HER2- metastatic breast cancer. Overall tone was positive and scientific interest appeared medium. Requested clinical trial enrollment info regarding comparative evidence. HCP compared experience with Kadcyla and asked how our data differs. No specific follow-up requested at this time. Non-promotional scientific exchange only.
INT-00093,HCP-00023,Dr. Clara Winters,2026-03-29,Email,20,Met with the HCP via email to discuss DESTINY-Breast04 and DESTINY-Breast06 efficacy data for Vanflyta (quizartinib) in FLT3-ITD+ acute myeloid leukemia. Overall tone was neutral and scientific interest appeared medium. Requested biomarker testing guidance regarding subgroup analysis evidence. HCP compared experience with Tukysa and asked how our data differs. No specific follow-up requested at this time. Non-promotional scientific exchange only.
INT-00094,HCP-00296,Dr. Ben Carrington,2026-01-07,Virtual,60,Met with the HCP via virtual to discuss intracranial response in patients with brain metastases for Enhertu (trastuzumab deruxtecan (T-DXd)) in HER2-low metastatic breast cancer. Overall tone was neutral and scientific interest appeared high. Wants safety management guidance regarding safety evidence. Requested a follow-up with additional materials. Non-promotional scientific exchange only.
INT-00095,HCP-00299,Dr. Farid Nazari,2026-04-20,Congress,60,Met with the HCP via congress to discuss combination strategies with immunotherapy for Enhertu (trastuzumab deruxtecan (T-DXd)) in HER2-ultralow metastatic breast cancer. Overall tone was positive and scientific interest appeared low. Requested peer-reviewed publications regarding subgroup analysis evidence. HCP compared experience with Trodelvy and asked how our data differs. No specific follow-up requested at this time. Non-promotional scientific exchange only.
INT-00096,HCP-00222,Dr. Elise Fournier,2026-02-14,Phone,30,Met with the HCP via phone to discuss TROPION-Lung and TROPION-Breast trial design for HER3-DXd (patritumab deruxtecan (pipeline)) in EGFR-mutant NSCLC (investigational). Overall tone was neutral and scientific interest appeared medium. Requested clinical trial enrollment info regarding mechanism of action evidence. HCP compared experience with Kadcyla and asked how our data differs. No specific follow-up requested at this time. Non-promotional scientific exchange only.
INT-00097,HCP-00001,Dr. Grace Lim,2026-04-07,Virtual,30,Met with the HCP via virtual to discuss CNS activity and brain metastases outcomes for Enhertu (trastuzumab deruxtecan (T-DXd)) in HER2-ultralow metastatic breast cancer. Overall tone was neutral and scientific interest appeared high. Wants real-world evidence data regarding dosing evidence. HCP compared experience with Kadcyla and asked how our data differs. Requested a follow-up with additional materials. Non-promotional scientific exchange only.
INT-00098,HCP-00261,Dr. Ben Carrington,2026-07-16,Virtual,45,Met with the HCP via virtual to discuss HER2-ultralow diagnostic thresholds and assay standardization for Datroway (datopotamab deruxtecan (Dato-DXd)) in TROP2 metastatic NSCLC. Overall tone was positive and scientific interest appeared medium. Requested comparative efficacy data regarding real-world evidence evidence. HCP compared experience with Tukysa and asked how our data differs. No specific follow-up requested at this time. Non-promotional scientific exchange only.
INT-00099,HCP-00020,Dr. Henry Kwon,2026-05-26,Phone,60,Met with the HCP via phone to discuss DESTINY-Breast04 and DESTINY-Breast06 efficacy data for Enhertu (trastuzumab deruxtecan (T-DXd)) in HER2-mutant metastatic NSCLC. Overall tone was neutral and scientific interest appeared high. Wants safety management guidance regarding comparative evidence. HCP compared experience with Perjeta and asked how our data differs. Requested a follow-up with additional materials. Non-promotional scientific exchange only.
INT-00100,HCP-00053,Dr. Grace Lim,2026-02-03,Virtual,20,Met with the HCP via virtual to discuss TROP2 expression and biomarker-driven patient selection for Datroway (datopotamab deruxtecan (Dato-DXd)) in HR+/HER2- metastatic breast cancer. Overall tone was positive and scientific interest appeared high. Requested biomarker testing guidance regarding safety evidence. HCP compared experience with Trodelvy and asked how our data differs. Requested a follow-up with additional materials. Non-promotional scientific exchange only.
INT-00101,HCP-00059,Dr. Farid Nazari,2026-01-21,Email,30,Met with the HCP via email to discuss comparative evidence versus T-DM1 and trastuzumab for Vanflyta (quizartinib) in FLT3-ITD+ acute myeloid leukemia. Overall tone was neutral and scientific interest appeared low. Requested peer-reviewed publications regarding dosing evidence. No specific follow-up requested at this time. Non-promotional scientific exchange only.
INT-00102,HCP-00295,Dr. Elise Fournier,2026-01-27,Email,30,Met with the HCP via email to discuss comparative evidence versus T-DM1 and trastuzumab for HER3-DXd (patritumab deruxtecan (pipeline)) in EGFR-mutant NSCLC (investigational). Overall tone was neutral and scientific interest appeared medium. Requested comparative efficacy data regarding comparative evidence. HCP compared experience with Trodelvy and asked how our data differs. Requested a follow-up with additional materials. Non-promotional scientific exchange only.
INT-00103,HCP-00184,Dr. Henry Kwon,2026-01-23,Congress,30,Met with the HCP via congress to discuss head-to-head data and comparative effectiveness for Datroway (datopotamab deruxtecan (Dato-DXd)) in HR+/HER2- metastatic breast cancer. Overall tone was positive and scientific interest appeared low. Asked about mechanism of action regarding biomarker evidence. Requested a follow-up with additional materials. Non-promotional scientific exchange only.
INT-00104,HCP-00102,Dr. Grace Lim,2026-09-03,Virtual,60,Met with the HCP via virtual to discuss TROP2 expression and biomarker-driven patient selection for HER3-DXd (patritumab deruxtecan (pipeline)) in EGFR-mutant NSCLC (investigational). Overall tone was neutral and scientific interest appeared low. Requested comparative efficacy data regarding mechanism of action evidence. No specific follow-up requested at this time. Non-promotional scientific exchange only.
INT-00105,HCP-00212,Dr. Devin Rao,2026-01-20,Phone,20,Met with the HCP via phone to discuss CNS activity and brain metastases outcomes for Datroway (datopotamab deruxtecan (Dato-DXd)) in TROP2 metastatic NSCLC. Overall tone was positive and scientific interest appeared medium. Asked for dosing schedule details regarding comparative evidence. No specific follow-up requested at this time. Non-promotional scientific exchange only.
INT-00106,HCP-00277,Dr. Ben Carrington,2026-03-05,In-person,20,Met with the HCP via in-person to discuss long-term duration of response and survival outcomes for HER3-DXd (patritumab deruxtecan (pipeline)) in EGFR-mutant NSCLC (investigational). Overall tone was negative and scientific interest appeared medium. Requested clinical trial enrollment info regarding subgroup analysis evidence. No specific follow-up requested at this time. Non-promotional scientific exchange only.
INT-00107,HCP-00267,Dr. Farid Nazari,2026-02-21,In-person,15,Met with the HCP via in-person to discuss HER2 IHC testing and HER2-low patient identification for HER3-DXd (patritumab deruxtecan (pipeline)) in EGFR-mutant NSCLC (investigational). Overall tone was neutral and scientific interest appeared low. Wants real-world evidence data regarding subgroup analysis evidence. HCP compared experience with Tukysa and asked how our data differs. No specific follow-up requested at this time. Non-promotional scientific exchange only.
INT-00108,HCP-00223,Dr. Clara Winters,2026-09-14,Phone,15,Met with the HCP via phone to discuss TROP2 expression and biomarker-driven patient selection for HER3-DXd (patritumab deruxtecan (pipeline)) in EGFR-mutant NSCLC (investigational). Overall tone was neutral and scientific interest appeared high. Asked for dosing schedule details regarding real-world evidence evidence. No specific follow-up requested at this time. Non-promotional scientific exchange only.
INT-00109,HCP-00140,Dr. Amara Osei,2026-03-30,Email,30,Met with the HCP via email to discuss HER2 IHC testing and HER2-low patient identification for HER3-DXd (patritumab deruxtecan (pipeline)) in EGFR-mutant NSCLC (investigational). Overall tone was negative and scientific interest appeared medium. Requested peer-reviewed publications regarding dosing evidence. No specific follow-up requested at this time. Non-promotional scientific exchange only.
INT-00110,HCP-00245,Dr. Elise Fournier,2026-08-26,Congress,30,Met with the HCP via congress to discuss optimal sequencing after T-DXd progression for HER3-DXd (patritumab deruxtecan (pipeline)) in EGFR-mutant NSCLC (investigational). Overall tone was neutral and scientific interest appeared high. Wants safety management guidance regarding mechanism of action evidence. Requested a follow-up with additional materials. Non-promotional scientific exchange only.
INT-00111,HCP-00184,Dr. Henry Kwon,2026-09-21,In-person,45,Met with the HCP via in-person to discuss TROP2 expression and biomarker-driven patient selection for Enhertu (trastuzumab deruxtecan (T-DXd)) in HER2+ metastatic gastric cancer. Overall tone was negative and scientific interest appeared high. Asked for dosing schedule details regarding biomarker evidence. No specific follow-up requested at this time. Non-promotional scientific exchange only.
INT-00112,HCP-00040,Dr. Henry Kwon,2026-05-11,Phone,45,Met with the HCP via phone to discuss CNS activity and brain metastases outcomes for Datroway (datopotamab deruxtecan (Dato-DXd)) in TROP2 metastatic NSCLC. Overall tone was neutral and scientific interest appeared medium. Requested clinical trial enrollment info regarding comparative evidence. No specific follow-up requested at this time. Non-promotional scientific exchange only.
INT-00113,HCP-00160,Dr. Henry Kwon,2026-08-20,Virtual,60,Met with the HCP via virtual to discuss comparative evidence versus T-DM1 and trastuzumab for HER3-DXd (patritumab deruxtecan (pipeline)) in EGFR-mutant NSCLC (investigational). Overall tone was positive and scientific interest appeared high. Asked about mechanism of action regarding dosing evidence. HCP compared experience with Tukysa and asked how our data differs. Requested a follow-up with additional materials. Non-promotional scientific exchange only.
INT-00114,HCP-00088,Dr. Grace Lim,2026-01-18,Virtual,15,Met with the HCP via virtual to discuss long-term duration of response and survival outcomes for Vanflyta (quizartinib) in FLT3-ITD+ acute myeloid leukemia. Overall tone was positive and scientific interest appeared high. Wants real-world evidence data regarding real-world evidence evidence. HCP compared experience with Kadcyla and asked how our data differs. No specific follow-up requested at this time. Non-promotional scientific exchange only.
INT-00115,HCP-00090,Dr. Amara Osei,2026-08-03,Congress,30,Met with the HCP via congress to discuss intracranial response in patients with brain metastases for HER3-DXd (patritumab deruxtecan (pipeline)) in EGFR-mutant NSCLC (investigational). Overall tone was positive and scientific interest appeared medium. Requested biomarker testing guidance regarding dosing evidence. HCP compared experience with Kadcyla and asked how our data differs. Requested a follow-up with additional materials. Non-promotional scientific exchange only.
INT-00116,HCP-00121,Dr. Devin Rao,2026-01-05,Virtual,15,Met with the HCP via virtual to discuss nausea and dosing management for antibody-drug conjugates for Enhertu (trastuzumab deruxtecan (T-DXd)) in HER2-low metastatic breast cancer. Overall tone was neutral and scientific interest appeared high. Wants real-world evidence data regarding safety evidence. Requested a follow-up with additional materials. Non-promotional scientific exchange only.
INT-00117,HCP-00042,Dr. Devin Rao,2026-02-16,Phone,15,Met with the HCP via phone to discuss long-term duration of response and survival outcomes for Enhertu (trastuzumab deruxtecan (T-DXd)) in HER2-mutant metastatic NSCLC. Overall tone was positive and scientific interest appeared high. Requested comparative efficacy data regarding mechanism of action evidence. No specific follow-up requested at this time. Non-promotional scientific exchange only.
INT-00118,HCP-00215,Dr. Grace Lim,2026-09-16,Email,60,Met with the HCP via email to discuss TROP2 expression and biomarker-driven patient selection for HER3-DXd (patritumab deruxtecan (pipeline)) in EGFR-mutant NSCLC (investigational). Overall tone was positive and scientific interest appeared low. Asked for congress data / abstracts regarding dosing evidence. HCP compared experience with Tukysa and asked how our data differs. No specific follow-up requested at this time. Non-promotional scientific exchange only.
INT-00119,HCP-00170,Dr. Devin Rao,2026-07-30,Phone,60,Met with the HCP via phone to discuss combination strategies with immunotherapy for Datroway (datopotamab deruxtecan (Dato-DXd)) in HR+/HER2- metastatic breast cancer. Overall tone was negative and scientific interest appeared high. Asked about mechanism of action regarding real-world evidence evidence. HCP compared experience with Trodelvy and asked how our data differs. No specific follow-up requested at this time. Non-promotional scientific exchange only.
INT-00120,HCP-00079,Dr. Clara Winters,2026-01-11,Virtual,60,Met with the HCP via virtual to discuss real-world evidence for T-DXd in HER2-low populations for Vanflyta (quizartinib) in FLT3-ITD+ acute myeloid leukemia. Overall tone was neutral and scientific interest appeared medium. Asked for congress data / abstracts regarding mechanism of action evidence. HCP compared experience with Tukysa and asked how our data differs. No specific follow-up requested at this time. Non-promotional scientific exchange only.
INT-00121,HCP-00100,Dr. Ben Carrington,2026-07-03,Congress,60,Met with the HCP via congress to discuss combination strategies with immunotherapy for HER3-DXd (patritumab deruxtecan (pipeline)) in EGFR-mutant NSCLC (investigational). Overall tone was negative and scientific interest appeared medium. Asked for dosing schedule details regarding comparative evidence. No specific follow-up requested at this time. Non-promotional scientific exchange only.
INT-00122,HCP-00088,Dr. Grace Lim,2026-09-03,Virtual,15,Met with the HCP via virtual to discuss comparative evidence versus T-DM1 and trastuzumab for Datroway (datopotamab deruxtecan (Dato-DXd)) in TROP2 metastatic NSCLC. Overall tone was neutral and scientific interest appeared medium. Requested subgroup analysis regarding mechanism of action evidence. HCP compared experience with Kadcyla and asked how our data differs. No specific follow-up requested at this time. Non-promotional scientific exchange only.
INT-00123,HCP-00066,Dr. Farid Nazari,2026-01-15,In-person,20,Met with the HCP via in-person to discuss head-to-head data and comparative effectiveness for Vanflyta (quizartinib) in FLT3-ITD+ acute myeloid leukemia. Overall tone was positive and scientific interest appeared high. Asked for congress data / abstracts regarding dosing evidence. HCP compared experience with Kadcyla and asked how our data differs. No specific follow-up requested at this time. Non-promotional scientific exchange only.
INT-00124,HCP-00244,Dr. Amara Osei,2026-06-18,Phone,20,Met with the HCP via phone to discuss HER2-ultralow diagnostic thresholds and assay standardization for Enhertu (trastuzumab deruxtecan (T-DXd)) in HER2+ metastatic breast cancer. Overall tone was neutral and scientific interest appeared medium. Requested subgroup analysis regarding real-world evidence evidence. No specific follow-up requested at this time. Non-promotional scientific exchange only.
INT-00125,HCP-00216,Dr. Elise Fournier,2026-08-12,In-person,20,Met with the HCP via in-person to discuss DESTINY-Breast04 and DESTINY-Breast06 efficacy data for HER3-DXd (patritumab deruxtecan (pipeline)) in EGFR-mutant NSCLC (investigational). Overall tone was positive and scientific interest appeared high. Requested peer-reviewed publications regarding comparative evidence. HCP compared experience with Phesgo and asked how our data differs. No specific follow-up requested at this time. Non-promotional scientific exchange only.
INT-00126,HCP-00112,Dr. Ben Carrington,2026-03-12,Congress,60,Met with the HCP via congress to discuss long-term duration of response and survival outcomes for Vanflyta (quizartinib) in FLT3-ITD+ acute myeloid leukemia. Overall tone was negative and scientific interest appeared high. Requested peer-reviewed publications regarding subgroup analysis evidence. HCP compared experience with Perjeta and asked how our data differs. No specific follow-up requested at this time. Non-promotional scientific exchange only.
INT-00127,HCP-00077,Dr. Clara Winters,2026-04-25,Phone,30,Met with the HCP via phone to discuss real-world evidence for T-DXd in HER2-low populations for Vanflyta (quizartinib) in FLT3-ITD+ acute myeloid leukemia. Overall tone was positive and scientific interest appeared low. Requested peer-reviewed publications regarding safety evidence. HCP compared experience with Tukysa and asked how our data differs. No specific follow-up requested at this time. Non-promotional scientific exchange only.
INT-00128,HCP-00176,Dr. Grace Lim,2026-05-31,Congress,30,Met with the HCP via congress to discuss intracranial response in patients with brain metastases for HER3-DXd (patritumab deruxtecan (pipeline)) in EGFR-mutant NSCLC (investigational). Overall tone was positive and scientific interest appeared medium. Requested biomarker testing guidance regarding biomarker evidence. No specific follow-up requested at this time. Non-promotional scientific exchange only.
INT-00129,HCP-00095,Dr. Clara Winters,2026-03-21,Email,30,Met with the HCP via email to discuss nausea and dosing management for antibody-drug conjugates for Enhertu (trastuzumab deruxtecan (T-DXd)) in HER2-mutant metastatic NSCLC. Overall tone was positive and scientific interest appeared high. Requested subgroup analysis regarding biomarker evidence. HCP compared experience with Kadcyla and asked how our data differs. Requested a follow-up with additional materials. Non-promotional scientific exchange only.
INT-00130,HCP-00090,Dr. Farid Nazari,2026-02-24,Email,20,Met with the HCP via email to discuss long-term duration of response and survival outcomes for Datroway (datopotamab deruxtecan (Dato-DXd)) in HR+/HER2- metastatic breast cancer. Overall tone was neutral and scientific interest appeared medium. Requested comparative efficacy data regarding dosing evidence. Requested a follow-up with additional materials. Non-promotional scientific exchange only.
INT-00131,HCP-00194,Dr. Farid Nazari,2026-06-25,Virtual,60,Met with the HCP via virtual to discuss HER2-ultralow diagnostic thresholds and assay standardization for Enhertu (trastuzumab deruxtecan (T-DXd)) in HER2+ metastatic breast cancer. Overall tone was positive and scientific interest appeared high. Requested biomarker testing guidance regarding safety evidence. HCP compared experience with Phesgo and asked how our data differs. No specific follow-up requested at this time. Non-promotional scientific exchange only.
INT-00132,HCP-00061,Dr. Amara Osei,2026-02-09,Congress,45,Met with the HCP via congress to discuss long-term duration of response and survival outcomes for HER3-DXd (patritumab deruxtecan (pipeline)) in EGFR-mutant NSCLC (investigational). Overall tone was neutral and scientific interest appeared high. Requested biomarker testing guidance regarding safety evidence. HCP compared experience with Trodelvy and asked how our data differs. No specific follow-up requested at this time. Non-promotional scientific exchange only.
INT-00133,HCP-00285,Dr. Ben Carrington,2026-02-09,Email,60,Met with the HCP via email to discuss real-world evidence for T-DXd in HER2-low populations for Datroway (datopotamab deruxtecan (Dato-DXd)) in HR+/HER2- metastatic breast cancer. Overall tone was positive and scientific interest appeared medium. Wants safety management guidance regarding biomarker evidence. HCP compared experience with Kadcyla and asked how our data differs. No specific follow-up requested at this time. Non-promotional scientific exchange only.
INT-00134,HCP-00247,Dr. Farid Nazari,2026-01-29,Phone,30,Met with the HCP via phone to discuss HER2 IHC testing and HER2-low patient identification for HER3-DXd (patritumab deruxtecan (pipeline)) in EGFR-mutant NSCLC (investigational). Overall tone was neutral and scientific interest appeared low. Wants real-world evidence data regarding efficacy evidence. No specific follow-up requested at this time. Non-promotional scientific exchange only.
INT-00135,HCP-00004,Dr. Elise Fournier,2026-08-12,Congress,20,Met with the HCP via congress to discuss nausea and dosing management for antibody-drug conjugates for Enhertu (trastuzumab deruxtecan (T-DXd)) in HER2+ metastatic breast cancer. Overall tone was positive and scientific interest appeared high. Requested comparative efficacy data regarding efficacy evidence. HCP compared experience with Kadcyla and asked how our data differs. Requested a follow-up with additional materials. Non-promotional scientific exchange only.
INT-00136,HCP-00208,Dr. Grace Lim,2026-08-05,In-person,15,Met with the HCP via in-person to discuss comparative evidence versus T-DM1 and trastuzumab for HER3-DXd (patritumab deruxtecan (pipeline)) in EGFR-mutant NSCLC (investigational). Overall tone was positive and scientific interest appeared high. Asked about mechanism of action regarding subgroup analysis evidence. Requested a follow-up with additional materials. Non-promotional scientific exchange only.
INT-00137,HCP-00196,Dr. Amara Osei,2026-02-14,Virtual,15,Met with the HCP via virtual to discuss HER2-ultralow diagnostic thresholds and assay standardization for HER3-DXd (patritumab deruxtecan (pipeline)) in EGFR-mutant NSCLC (investigational). Overall tone was negative and scientific interest appeared low. Requested comparative efficacy data regarding mechanism of action evidence. No specific follow-up requested at this time. Non-promotional scientific exchange only.
INT-00138,HCP-00232,Dr. Clara Winters,2026-05-27,Phone,45,Met with the HCP via phone to discuss interstitial lung disease / pneumonitis monitoring and management for Datroway (datopotamab deruxtecan (Dato-DXd)) in HR+/HER2- metastatic breast cancer. Overall tone was negative and scientific interest appeared low. Asked about mechanism of action regarding mechanism of action evidence. HCP compared experience with Perjeta and asked how our data differs. No specific follow-up requested at this time. Non-promotional scientific exchange only.
INT-00139,HCP-00146,Dr. Farid Nazari,2026-04-30,Phone,30,Met with the HCP via phone to discuss comparative evidence versus T-DM1 and trastuzumab for Enhertu (trastuzumab deruxtecan (T-DXd)) in HER2-low metastatic breast cancer. Overall tone was positive and scientific interest appeared low. Wants safety management guidance regarding biomarker evidence. HCP compared experience with Phesgo and asked how our data differs. No specific follow-up requested at this time. Non-promotional scientific exchange only.
INT-00140,HCP-00111,Dr. Grace Lim,2026-06-17,Phone,30,Met with the HCP via phone to discuss interstitial lung disease / pneumonitis monitoring and management for Vanflyta (quizartinib) in FLT3-ITD+ acute myeloid leukemia. Overall tone was negative and scientific interest appeared low. Asked about mechanism of action regarding mechanism of action evidence. HCP compared experience with Tukysa and asked how our data differs. No specific follow-up requested at this time. Non-promotional scientific exchange only.
INT-00141,HCP-00136,Dr. Ben Carrington,2026-02-10,Virtual,20,Met with the HCP via virtual to discuss CNS activity and brain metastases outcomes for Enhertu (trastuzumab deruxtecan (T-DXd)) in HER2-low metastatic breast cancer. Overall tone was neutral and scientific interest appeared medium. Requested peer-reviewed publications regarding safety evidence. HCP compared experience with Trodelvy and asked how our data differs. Requested a follow-up with additional materials. Non-promotional scientific exchange only.
INT-00142,HCP-00228,Dr. Farid Nazari,2026-01-12,Congress,30,Met with the HCP via congress to discuss intracranial response in patients with brain metastases for Datroway (datopotamab deruxtecan (Dato-DXd)) in TROP2 metastatic NSCLC. Overall tone was positive and scientific interest appeared medium. Asked for congress data / abstracts regarding safety evidence. HCP compared experience with Tukysa and asked how our data differs. Requested a follow-up with additional materials. Non-promotional scientific exchange only.
INT-00143,HCP-00156,Dr. Grace Lim,2026-04-28,Phone,60,Met with the HCP via phone to discuss DESTINY-Breast04 and DESTINY-Breast06 efficacy data for Datroway (datopotamab deruxtecan (Dato-DXd)) in TROP2 metastatic NSCLC. Overall tone was neutral and scientific interest appeared high. Asked for dosing schedule details regarding safety evidence. HCP compared experience with Perjeta and asked how our data differs. Requested a follow-up with additional materials. Non-promotional scientific exchange only.
INT-00144,HCP-00019,Dr. Farid Nazari,2026-05-10,Virtual,15,Met with the HCP via virtual to discuss TROPION-Lung and TROPION-Breast trial design for Vanflyta (quizartinib) in FLT3-ITD+ acute myeloid leukemia. Overall tone was positive and scientific interest appeared medium. Asked about mechanism of action regarding mechanism of action evidence. HCP compared experience with Phesgo and asked how our data differs. No specific follow-up requested at this time. Non-promotional scientific exchange only.
INT-00145,HCP-00212,Dr. Ben Carrington,2026-05-31,In-person,30,Met with the HCP via in-person to discuss ADC-related ILD adverse event grading and dose interruption for Datroway (datopotamab deruxtecan (Dato-DXd)) in HR+/HER2- metastatic breast cancer. Overall tone was neutral and scientific interest appeared medium. Asked for congress data / abstracts regarding safety evidence. No specific follow-up requested at this time. Non-promotional scientific exchange only.
INT-00146,HCP-00264,Dr. Elise Fournier,2026-05-08,Email,20,Met with the HCP via email to discuss head-to-head data and comparative effectiveness for HER3-DXd (patritumab deruxtecan (pipeline)) in EGFR-mutant NSCLC (investigational). Overall tone was neutral and scientific interest appeared high. Requested comparative efficacy data regarding efficacy evidence. No specific follow-up requested at this time. Non-promotional scientific exchange only.
INT-00147,HCP-00278,Dr. Clara Winters,2026-02-02,Congress,15,Met with the HCP via congress to discuss CNS activity and brain metastases outcomes for Datroway (datopotamab deruxtecan (Dato-DXd)) in TROP2 metastatic NSCLC. Overall tone was neutral and scientific interest appeared medium. Wants safety management guidance regarding safety evidence. HCP compared experience with Phesgo and asked how our data differs. No specific follow-up requested at this time. Non-promotional scientific exchange only.
INT-00148,HCP-00165,Dr. Elise Fournier,2026-05-12,Email,20,Met with the HCP via email to discuss real-world outcomes and treatment patterns post-T-DXd for HER3-DXd (patritumab deruxtecan (pipeline)) in EGFR-mutant NSCLC (investigational). Overall tone was positive and scientific interest appeared high. Asked for dosing schedule details regarding efficacy evidence. HCP compared experience with Tukysa and asked how our data differs. No specific follow-up requested at this time. Non-promotional scientific exchange only.
INT-00149,HCP-00284,Dr. Henry Kwon,2026-08-29,Congress,60,Met with the HCP via congress to discuss head-to-head data and comparative effectiveness for Vanflyta (quizartinib) in FLT3-ITD+ acute myeloid leukemia. Overall tone was positive and scientific interest appeared medium. Asked for dosing schedule details regarding comparative evidence. HCP compared experience with Tukysa and asked how our data differs. No specific follow-up requested at this time. Non-promotional scientific exchange only.
INT-00150,HCP-00074,Dr. Amara Osei,2026-01-02,Phone,15,Met with the HCP via phone to discuss interstitial lung disease / pneumonitis monitoring and management for Datroway (datopotamab deruxtecan (Dato-DXd)) in HR+/HER2- metastatic breast cancer. Overall tone was positive and scientific interest appeared high. Asked about mechanism of action regarding comparative evidence. HCP compared experience with Perjeta and asked how our data differs. Requested a follow-up with additional materials. Non-promotional scientific exchange only.
INT-00151,HCP-00258,Dr. Devin Rao,2026-09-26,Virtual,45,Met with the HCP via virtual to discuss general scientific exchange on the oncology portfolio for Datroway (datopotamab deruxtecan (Dato-DXd)) in HR+/HER2- metastatic breast cancer. Overall tone was negative and scientific interest appeared high. Requested clinical trial enrollment info regarding real-world evidence evidence. HCP compared experience with Tukysa and asked how our data differs. Requested a follow-up with additional materials. Non-promotional scientific exchange only.
INT-00152,HCP-00009,Dr. Henry Kwon,2026-09-22,Email,45,Met with the HCP via email to discuss general scientific exchange on the oncology portfolio for Vanflyta (quizartinib) in FLT3-ITD+ acute myeloid leukemia. Overall tone was positive and scientific interest appeared high. Requested clinical trial enrollment info regarding safety evidence. Requested a follow-up with additional materials. Non-promotional scientific exchange only.
INT-00153,HCP-00256,Dr. Henry Kwon,2026-09-24,Congress,20,Met with the HCP via congress to discuss HER2 IHC testing and HER2-low patient identification for Vanflyta (quizartinib) in FLT3-ITD+ acute myeloid leukemia. Overall tone was neutral and scientific interest appeared high. Requested biomarker testing guidance regarding mechanism of action evidence. No specific follow-up requested at this time. Non-promotional scientific exchange only.
INT-00154,HCP-00241,Dr. Devin Rao,2026-04-29,Phone,30,Met with the HCP via phone to discuss DESTINY-Breast04 and DESTINY-Breast06 efficacy data for Vanflyta (quizartinib) in FLT3-ITD+ acute myeloid leukemia. Overall tone was neutral and scientific interest appeared high. Requested comparative efficacy data regarding comparative evidence. HCP compared experience with Phesgo and asked how our data differs. No specific follow-up requested at this time. Non-promotional scientific exchange only.
INT-00155,HCP-00227,Dr. Clara Winters,2026-02-15,Email,20,Met with the HCP via email to discuss ADC-related ILD adverse event grading and dose interruption for Enhertu (trastuzumab deruxtecan (T-DXd)) in HER2-mutant metastatic NSCLC. Overall tone was neutral and scientific interest appeared low. Asked for dosing schedule details regarding biomarker evidence. HCP compared experience with Phesgo and asked how our data differs. Requested a follow-up with additional materials. Non-promotional scientific exchange only.
INT-00156,HCP-00082,Dr. Amara Osei,2026-09-19,Phone,45,Met with the HCP via phone to discuss nausea and dosing management for antibody-drug conjugates for Enhertu (trastuzumab deruxtecan (T-DXd)) in HER2-low metastatic breast cancer. Overall tone was neutral and scientific interest appeared high. Wants real-world evidence data regarding comparative evidence. HCP compared experience with Phesgo and asked how our data differs. No specific follow-up requested at this time. Non-promotional scientific exchange only.
INT-00157,HCP-00095,Dr. Devin Rao,2026-07-01,Virtual,30,Met with the HCP via virtual to discuss DESTINY-Breast04 and DESTINY-Breast06 efficacy data for Datroway (datopotamab deruxtecan (Dato-DXd)) in HR+/HER2- metastatic breast cancer. Overall tone was positive and scientific interest appeared low. Requested subgroup analysis regarding safety evidence. Requested a follow-up with additional materials. Non-promotional scientific exchange only.
INT-00158,HCP-00055,Dr. Farid Nazari,2026-07-15,Virtual,20,Met with the HCP via virtual to discuss HER2 IHC testing and HER2-low patient identification for Enhertu (trastuzumab deruxtecan (T-DXd)) in HER2-ultralow metastatic breast cancer. Overall tone was neutral and scientific interest appeared high. Requested biomarker testing guidance regarding subgroup analysis evidence. HCP compared experience with Trodelvy and asked how our data differs. No specific follow-up requested at this time. Non-promotional scientific exchange only.
INT-00159,HCP-00197,Dr. Henry Kwon,2026-01-24,Congress,60,Met with the HCP via congress to discuss ADC-related ILD adverse event grading and dose interruption for Datroway (datopotamab deruxtecan (Dato-DXd)) in HR+/HER2- metastatic breast cancer. Overall tone was neutral and scientific interest appeared medium. Asked for dosing schedule details regarding real-world evidence evidence. Requested a follow-up with additional materials. Non-promotional scientific exchange only.
INT-00160,HCP-00192,Dr. Amara Osei,2026-02-22,Virtual,30,Met with the HCP via virtual to discuss combination strategies with immunotherapy for Datroway (datopotamab deruxtecan (Dato-DXd)) in HR+/HER2- metastatic breast cancer. Overall tone was neutral and scientific interest appeared high. Requested comparative efficacy data regarding real-world evidence evidence. HCP compared experience with Perjeta and asked how our data differs. No specific follow-up requested at this time. Non-promotional scientific exchange only.
INT-00161,HCP-00104,Dr. Clara Winters,2026-01-09,Phone,15,Met with the HCP via phone to discuss comparative evidence versus T-DM1 and trastuzumab for Datroway (datopotamab deruxtecan (Dato-DXd)) in HR+/HER2- metastatic breast cancer. Overall tone was negative and scientific interest appeared high. Wants real-world evidence data regarding efficacy evidence. No specific follow-up requested at this time. Non-promotional scientific exchange only.
INT-00162,HCP-00254,Dr. Amara Osei,2026-03-17,Email,15,Met with the HCP via email to discuss combination strategies with immunotherapy for HER3-DXd (patritumab deruxtecan (pipeline)) in EGFR-mutant NSCLC (investigational). Overall tone was positive and scientific interest appeared low. Asked for dosing schedule details regarding biomarker evidence. Requested a follow-up with additional materials. Non-promotional scientific exchange only.
INT-00163,HCP-00154,Dr. Amara Osei,2026-07-23,Virtual,45,Met with the HCP via virtual to discuss HER2-ultralow diagnostic thresholds and assay standardization for Datroway (datopotamab deruxtecan (Dato-DXd)) in TROP2 metastatic NSCLC. Overall tone was positive and scientific interest appeared high. Asked for dosing schedule details regarding dosing evidence. HCP compared experience with Trodelvy and asked how our data differs. No specific follow-up requested at this time. Non-promotional scientific exchange only.
INT-00164,HCP-00034,Dr. Clara Winters,2026-02-04,Virtual,20,Met with the HCP via virtual to discuss DESTINY-Breast04 and DESTINY-Breast06 efficacy data for Vanflyta (quizartinib) in FLT3-ITD+ acute myeloid leukemia. Overall tone was neutral and scientific interest appeared medium. Requested subgroup analysis regarding biomarker evidence. HCP compared experience with Kadcyla and asked how our data differs. No specific follow-up requested at this time. Non-promotional scientific exchange only.
INT-00165,HCP-00030,Dr. Ben Carrington,2026-07-28,Email,60,Met with the HCP via email to discuss DESTINY-Breast04 and DESTINY-Breast06 efficacy data for Vanflyta (quizartinib) in FLT3-ITD+ acute myeloid leukemia. Overall tone was positive and scientific interest appeared medium. Requested subgroup analysis regarding comparative evidence. HCP compared experience with Tukysa and asked how our data differs. Requested a follow-up with additional materials. Non-promotional scientific exchange only.
INT-00166,HCP-00023,Dr. Grace Lim,2026-01-11,Phone,30,Met with the HCP via phone to discuss nausea and dosing management for antibody-drug conjugates for Datroway (datopotamab deruxtecan (Dato-DXd)) in TROP2 metastatic NSCLC. Overall tone was neutral and scientific interest appeared high. Requested comparative efficacy data regarding safety evidence. HCP compared experience with Kadcyla and asked how our data differs. No specific follow-up requested at this time. Non-promotional scientific exchange only.
INT-00167,HCP-00064,Dr. Elise Fournier,2026-08-10,In-person,15,Met with the HCP via in-person to discuss real-world outcomes and treatment patterns post-T-DXd for HER3-DXd (patritumab deruxtecan (pipeline)) in EGFR-mutant NSCLC (investigational). Overall tone was negative and scientific interest appeared low. Asked for dosing schedule details regarding biomarker evidence. HCP compared experience with Kadcyla and asked how our data differs. No specific follow-up requested at this time. Non-promotional scientific exchange only.
INT-00168,HCP-00295,Dr. Amara Osei,2026-03-06,Virtual,60,Met with the HCP via virtual to discuss interstitial lung disease / pneumonitis monitoring and management for HER3-DXd (patritumab deruxtecan (pipeline)) in EGFR-mutant NSCLC (investigational). Overall tone was negative and scientific interest appeared medium. Requested peer-reviewed publications regarding safety evidence. Requested a follow-up with additional materials. Non-promotional scientific exchange only.
INT-00169,HCP-00262,Dr. Devin Rao,2026-02-20,Virtual,30,Met with the HCP via virtual to discuss optimal sequencing after T-DXd progression for Datroway (datopotamab deruxtecan (Dato-DXd)) in HR+/HER2- metastatic breast cancer. Overall tone was neutral and scientific interest appeared medium. Requested subgroup analysis regarding subgroup analysis evidence. Requested a follow-up with additional materials. Non-promotional scientific exchange only.
INT-00170,HCP-00118,Dr. Elise Fournier,2026-01-06,Congress,60,Met with the HCP via congress to discuss real-world evidence for T-DXd in HER2-low populations for HER3-DXd (patritumab deruxtecan (pipeline)) in EGFR-mutant NSCLC (investigational). Overall tone was negative and scientific interest appeared high. Asked for dosing schedule details regarding dosing evidence. HCP compared experience with Phesgo and asked how our data differs. No specific follow-up requested at this time. Non-promotional scientific exchange only.
INT-00171,HCP-00248,Dr. Elise Fournier,2026-06-30,Phone,60,Met with the HCP via phone to discuss nausea and dosing management for antibody-drug conjugates for Vanflyta (quizartinib) in FLT3-ITD+ acute myeloid leukemia. Overall tone was positive and scientific interest appeared medium. Requested peer-reviewed publications regarding dosing evidence. HCP compared experience with Perjeta and asked how our data differs. Requested a follow-up with additional materials. Non-promotional scientific exchange only.
INT-00172,HCP-00136,Dr. Grace Lim,2026-05-03,Congress,45,Met with the HCP via congress to discuss optimal sequencing after T-DXd progression for Enhertu (trastuzumab deruxtecan (T-DXd)) in HER2+ metastatic gastric cancer. Overall tone was negative and scientific interest appeared low. Requested biomarker testing guidance regarding biomarker evidence. HCP compared experience with Phesgo and asked how our data differs. Requested a follow-up with additional materials. Non-promotional scientific exchange only.
INT-00173,HCP-00153,Dr. Elise Fournier,2026-08-11,In-person,20,Met with the HCP via in-person to discuss long-term duration of response and survival outcomes for Enhertu (trastuzumab deruxtecan (T-DXd)) in HER2+ metastatic breast cancer. Overall tone was positive and scientific interest appeared low. Asked for dosing schedule details regarding dosing evidence. HCP compared experience with Phesgo and asked how our data differs. No specific follow-up requested at this time. Non-promotional scientific exchange only.
INT-00174,HCP-00139,Dr. Amara Osei,2026-07-28,Congress,30,Met with the HCP via congress to discuss real-world evidence for T-DXd in HER2-low populations for HER3-DXd (patritumab deruxtecan (pipeline)) in EGFR-mutant NSCLC (investigational). Overall tone was neutral and scientific interest appeared high. Requested clinical trial enrollment info regarding subgroup analysis evidence. Requested a follow-up with additional materials. Non-promotional scientific exchange only.
INT-00175,HCP-00292,Dr. Grace Lim,2026-03-18,Email,30,Met with the HCP via email to discuss ADC-related ILD adverse event grading and dose interruption for Vanflyta (quizartinib) in FLT3-ITD+ acute myeloid leukemia. Overall tone was neutral and scientific interest appeared medium. Requested peer-reviewed publications regarding biomarker evidence. No specific follow-up requested at this time. Non-promotional scientific exchange only.
INT-00176,HCP-00178,Dr. Grace Lim,2026-04-28,In-person,15,Met with the HCP via in-person to discuss optimal sequencing after T-DXd progression for HER3-DXd (patritumab deruxtecan (pipeline)) in EGFR-mutant NSCLC (investigational). Overall tone was positive and scientific interest appeared medium. Wants real-world evidence data regarding biomarker evidence. HCP compared experience with Perjeta and asked how our data differs. Requested a follow-up with additional materials. Non-promotional scientific exchange only.
INT-00177,HCP-00234,Dr. Farid Nazari,2025-12-30,In-person,20,Met with the HCP via in-person to discuss interstitial lung disease / pneumonitis monitoring and management for HER3-DXd (patritumab deruxtecan (pipeline)) in EGFR-mutant NSCLC (investigational). Overall tone was negative and scientific interest appeared medium. Wants real-world evidence data regarding comparative evidence. HCP compared experience with Trodelvy and asked how our data differs. Requested a follow-up with additional materials. Non-promotional scientific exchange only.
INT-00178,HCP-00212,Dr. Clara Winters,2026-06-17,Congress,15,Met with the HCP via congress to discuss combination strategies with immunotherapy for Vanflyta (quizartinib) in FLT3-ITD+ acute myeloid leukemia. Overall tone was neutral and scientific interest appeared low. Requested peer-reviewed publications regarding dosing evidence. HCP compared experience with Tukysa and asked how our data differs. No specific follow-up requested at this time. Non-promotional scientific exchange only.
INT-00179,HCP-00214,Dr. Amara Osei,2026-08-14,Phone,60,Met with the HCP via phone to discuss combination strategies with immunotherapy for HER3-DXd (patritumab deruxtecan (pipeline)) in EGFR-mutant NSCLC (investigational). Overall tone was neutral and scientific interest appeared high. Wants safety management guidance regarding dosing evidence. HCP compared experience with Kadcyla and asked how our data differs. No specific follow-up requested at this time. Non-promotional scientific exchange only.
INT-00180,HCP-00169,Dr. Grace Lim,2026-03-10,Virtual,60,Met with the HCP via virtual to discuss real-world outcomes and treatment patterns post-T-DXd for Vanflyta (quizartinib) in FLT3-ITD+ acute myeloid leukemia. Overall tone was positive and scientific interest appeared high. Requested clinical trial enrollment info regarding dosing evidence. Requested a follow-up with additional materials. Non-promotional scientific exchange only.
INT-00181,HCP-00127,Dr. Ben Carrington,2026-06-20,Virtual,60,Met with the HCP via virtual to discuss TROP2 expression and biomarker-driven patient selection for Enhertu (trastuzumab deruxtecan (T-DXd)) in HER2+ metastatic breast cancer. Overall tone was neutral and scientific interest appeared high. Requested peer-reviewed publications regarding biomarker evidence. No specific follow-up requested at this time. Non-promotional scientific exchange only.
INT-00182,HCP-00294,Dr. Ben Carrington,2026-08-14,In-person,20,Met with the HCP via in-person to discuss HER2-ultralow diagnostic thresholds and assay standardization for Datroway (datopotamab deruxtecan (Dato-DXd)) in HR+/HER2- metastatic breast cancer. Overall tone was positive and scientific interest appeared high. Requested clinical trial enrollment info regarding safety evidence. HCP compared experience with Kadcyla and asked how our data differs. No specific follow-up requested at this time. Non-promotional scientific exchange only.
INT-00183,HCP-00116,Dr. Clara Winters,2026-08-10,Congress,30,Met with the HCP via congress to discuss nausea and dosing management for antibody-drug conjugates for Datroway (datopotamab deruxtecan (Dato-DXd)) in HR+/HER2- metastatic breast cancer. Overall tone was neutral and scientific interest appeared high. Requested comparative efficacy data regarding comparative evidence. HCP compared experience with Perjeta and asked how our data differs. No specific follow-up requested at this time. Non-promotional scientific exchange only.
INT-00184,HCP-00200,Dr. Henry Kwon,2026-08-18,Virtual,45,Met with the HCP via virtual to discuss real-world evidence for T-DXd in HER2-low populations for HER3-DXd (patritumab deruxtecan (pipeline)) in EGFR-mutant NSCLC (investigational). Overall tone was positive and scientific interest appeared low. Requested clinical trial enrollment info regarding biomarker evidence. HCP compared experience with Trodelvy and asked how our data differs. Requested a follow-up with additional materials. Non-promotional scientific exchange only.
INT-00185,HCP-00255,Dr. Farid Nazari,2026-06-14,In-person,30,Met with the HCP via in-person to discuss HER2 IHC testing and HER2-low patient identification for Enhertu (trastuzumab deruxtecan (T-DXd)) in HER2+ metastatic gastric cancer. Overall tone was positive and scientific interest appeared medium. Asked for dosing schedule details regarding subgroup analysis evidence. HCP compared experience with Trodelvy and asked how our data differs. Requested a follow-up with additional materials. Non-promotional scientific exchange only.
INT-00186,HCP-00236,Dr. Henry Kwon,2026-09-15,Email,20,Met with the HCP via email to discuss optimal sequencing after T-DXd progression for Vanflyta (quizartinib) in FLT3-ITD+ acute myeloid leukemia. Overall tone was negative and scientific interest appeared low. Requested subgroup analysis regarding dosing evidence. Requested a follow-up with additional materials. Non-promotional scientific exchange only.
INT-00187,HCP-00214,Dr. Clara Winters,2026-06-19,Phone,45,Met with the HCP via phone to discuss head-to-head data and comparative effectiveness for Enhertu (trastuzumab deruxtecan (T-DXd)) in HER2+ metastatic gastric cancer. Overall tone was neutral and scientific interest appeared low. Wants real-world evidence data regarding dosing evidence. No specific follow-up requested at this time. Non-promotional scientific exchange only.
INT-00188,HCP-00230,Dr. Amara Osei,2026-06-19,In-person,20,Met with the HCP via in-person to discuss ADC-related ILD adverse event grading and dose interruption for Enhertu (trastuzumab deruxtecan (T-DXd)) in HER2-ultralow metastatic breast cancer. Overall tone was positive and scientific interest appeared medium. Wants safety management guidance regarding safety evidence. HCP compared experience with Kadcyla and asked how our data differs. No specific follow-up requested at this time. Non-promotional scientific exchange only.
INT-00189,HCP-00193,Dr. Ben Carrington,2026-08-17,Email,30,Met with the HCP via email to discuss DESTINY-Breast04 and DESTINY-Breast06 efficacy data for Datroway (datopotamab deruxtecan (Dato-DXd)) in HR+/HER2- metastatic breast cancer. Overall tone was positive and scientific interest appeared medium. Asked for dosing schedule details regarding subgroup analysis evidence. HCP compared experience with Tukysa and asked how our data differs. Requested a follow-up with additional materials. Non-promotional scientific exchange only.
INT-00190,HCP-00015,Dr. Farid Nazari,2026-07-07,In-person,45,Met with the HCP via in-person to discuss DESTINY-Breast04 and DESTINY-Breast06 efficacy data for HER3-DXd (patritumab deruxtecan (pipeline)) in EGFR-mutant NSCLC (investigational). Overall tone was neutral and scientific interest appeared high. Asked for congress data / abstracts regarding mechanism of action evidence. HCP compared experience with Tukysa and asked how our data differs. Requested a follow-up with additional materials. Non-promotional scientific exchange only.
INT-00191,HCP-00169,Dr. Henry Kwon,2026-04-26,Virtual,15,Met with the HCP via virtual to discuss DESTINY-Breast04 and DESTINY-Breast06 efficacy data for Vanflyta (quizartinib) in FLT3-ITD+ acute myeloid leukemia. Overall tone was neutral and scientific interest appeared high. Wants real-world evidence data regarding efficacy evidence. No specific follow-up requested at this time. Non-promotional scientific exchange only.
INT-00192,HCP-00222,Dr. Amara Osei,2026-09-08,Email,15,Met with the HCP via email to discuss comparative evidence versus T-DM1 and trastuzumab for HER3-DXd (patritumab deruxtecan (pipeline)) in EGFR-mutant NSCLC (investigational). Overall tone was negative and scientific interest appeared medium. Asked for congress data / abstracts regarding comparative evidence. HCP compared experience with Phesgo and asked how our data differs. No specific follow-up requested at this time. Non-promotional scientific exchange only.
INT-00193,HCP-00206,Dr. Elise Fournier,2026-04-18,Virtual,15,Met with the HCP via virtual to discuss TROP2 expression and biomarker-driven patient selection for Enhertu (trastuzumab deruxtecan (T-DXd)) in HER2+ metastatic gastric cancer. Overall tone was neutral and scientific interest appeared medium. Requested subgroup analysis regarding biomarker evidence. Requested a follow-up with additional materials. Non-promotional scientific exchange only.
INT-00194,HCP-00210,Dr. Henry Kwon,2026-09-06,Email,30,Met with the HCP via email to discuss general scientific exchange on the oncology portfolio for Enhertu (trastuzumab deruxtecan (T-DXd)) in HER2-ultralow metastatic breast cancer. Overall tone was positive and scientific interest appeared high. Requested subgroup analysis regarding dosing evidence. Requested a follow-up with additional materials. Non-promotional scientific exchange only.
INT-00195,HCP-00015,Dr. Clara Winters,2026-07-16,Email,45,Met with the HCP via email to discuss real-world outcomes and treatment patterns post-T-DXd for Enhertu (trastuzumab deruxtecan (T-DXd)) in HER2-low metastatic breast cancer. Overall tone was positive and scientific interest appeared low. Wants safety management guidance regarding real-world evidence evidence. HCP compared experience with Perjeta and asked how our data differs. Requested a follow-up with additional materials. Non-promotional scientific exchange only.
INT-00196,HCP-00026,Dr. Ben Carrington,2026-09-04,Congress,30,Met with the HCP via congress to discuss TROP2 expression and biomarker-driven patient selection for HER3-DXd (patritumab deruxtecan (pipeline)) in EGFR-mutant NSCLC (investigational). Overall tone was neutral and scientific interest appeared low. Requested biomarker testing guidance regarding biomarker evidence. Requested a follow-up with additional materials. Non-promotional scientific exchange only.
INT-00197,HCP-00135,Dr. Grace Lim,2026-01-15,Email,30,Met with the HCP via email to discuss head-to-head data and comparative effectiveness for Datroway (datopotamab deruxtecan (Dato-DXd)) in TROP2 metastatic NSCLC. Overall tone was neutral and scientific interest appeared medium. Requested clinical trial enrollment info regarding efficacy evidence. No specific follow-up requested at this time. Non-promotional scientific exchange only.
INT-00198,HCP-00297,Dr. Ben Carrington,2026-01-01,Email,60,Met with the HCP via email to discuss HER2-ultralow diagnostic thresholds and assay standardization for HER3-DXd (patritumab deruxtecan (pipeline)) in EGFR-mutant NSCLC (investigational). Overall tone was positive and scientific interest appeared low. Asked about mechanism of action regarding mechanism of action evidence. HCP compared experience with Tukysa and asked how our data differs. No specific follow-up requested at this time. Non-promotional scientific exchange only.
INT-00199,HCP-00074,Dr. Farid Nazari,2026-09-12,Virtual,45,Met with the HCP via virtual to discuss optimal sequencing after T-DXd progression for Datroway (datopotamab deruxtecan (Dato-DXd)) in TROP2 metastatic NSCLC. Overall tone was negative and scientific interest appeared medium. Asked for dosing schedule details regarding dosing evidence. Requested a follow-up with additional materials. Non-promotional scientific exchange only.
INT-00200,HCP-00158,Dr. Ben Carrington,2026-01-27,In-person,30,Met with the HCP via in-person to discuss intracranial response in patients with brain metastases for HER3-DXd (patritumab deruxtecan (pipeline)) in EGFR-mutant NSCLC (investigational). Overall tone was positive and scientific interest appeared medium. Asked for congress data / abstracts regarding efficacy evidence. No specific follow-up requested at this time. Non-promotional scientific exchange only.
INT-00201,HCP-00167,Dr. Grace Lim,2026-01-08,Congress,15,Met with the HCP via congress to discuss real-world outcomes and treatment patterns post-T-DXd for HER3-DXd (patritumab deruxtecan (pipeline)) in EGFR-mutant NSCLC (investigational). Overall tone was neutral and scientific interest appeared low. Requested clinical trial enrollment info regarding dosing evidence. HCP compared experience with Phesgo and asked how our data differs. Requested a follow-up with additional materials. Non-promotional scientific exchange only.
INT-00202,HCP-00116,Dr. Devin Rao,2026-06-21,Virtual,45,Met with the HCP via virtual to discuss intracranial response in patients with brain metastases for HER3-DXd (patritumab deruxtecan (pipeline)) in EGFR-mutant NSCLC (investigational). Overall tone was positive and scientific interest appeared medium. Requested biomarker testing guidance regarding subgroup analysis evidence. Requested a follow-up with additional materials. Non-promotional scientific exchange only.
INT-00203,HCP-00063,Dr. Devin Rao,2026-04-22,Email,60,Met with the HCP via email to discuss intracranial response in patients with brain metastases for Vanflyta (quizartinib) in FLT3-ITD+ acute myeloid leukemia. Overall tone was positive and scientific interest appeared high. Asked about mechanism of action regarding subgroup analysis evidence. No specific follow-up requested at this time. Non-promotional scientific exchange only.
INT-00204,HCP-00110,Dr. Devin Rao,2026-02-22,Phone,60,Met with the HCP via phone to discuss long-term duration of response and survival outcomes for Vanflyta (quizartinib) in FLT3-ITD+ acute myeloid leukemia. Overall tone was neutral and scientific interest appeared medium. Asked for congress data / abstracts regarding mechanism of action evidence. Requested a follow-up with additional materials. Non-promotional scientific exchange only.
INT-00205,HCP-00198,Dr. Grace Lim,2026-03-28,Congress,45,Met with the HCP via congress to discuss optimal sequencing after T-DXd progression for HER3-DXd (patritumab deruxtecan (pipeline)) in EGFR-mutant NSCLC (investigational). Overall tone was positive and scientific interest appeared medium. Requested subgroup analysis regarding real-world evidence evidence. HCP compared experience with Kadcyla and asked how our data differs. No specific follow-up requested at this time. Non-promotional scientific exchange only.
INT-00206,HCP-00053,Dr. Devin Rao,2026-09-12,Email,60,Met with the HCP via email to discuss optimal sequencing after T-DXd progression for HER3-DXd (patritumab deruxtecan (pipeline)) in EGFR-mutant NSCLC (investigational). Overall tone was neutral and scientific interest appeared high. Wants safety management guidance regarding mechanism of action evidence. HCP compared experience with Perjeta and asked how our data differs. Requested a follow-up with additional materials. Non-promotional scientific exchange only.
INT-00207,HCP-00054,Dr. Amara Osei,2026-03-26,Virtual,45,Met with the HCP via virtual to discuss general scientific exchange on the oncology portfolio for Datroway (datopotamab deruxtecan (Dato-DXd)) in TROP2 metastatic NSCLC. Overall tone was positive and scientific interest appeared high. Asked about mechanism of action regarding comparative evidence. HCP compared experience with Perjeta and asked how our data differs. Requested a follow-up with additional materials. Non-promotional scientific exchange only.
INT-00208,HCP-00278,Dr. Henry Kwon,2026-09-04,Congress,15,Met with the HCP via congress to discuss nausea and dosing management for antibody-drug conjugates for Enhertu (trastuzumab deruxtecan (T-DXd)) in HER2+ metastatic gastric cancer. Overall tone was neutral and scientific interest appeared high. Requested biomarker testing guidance regarding comparative evidence. HCP compared experience with Perjeta and asked how our data differs. Requested a follow-up with additional materials. Non-promotional scientific exchange only.
INT-00209,HCP-00106,Dr. Clara Winters,2026-04-29,In-person,45,Met with the HCP via in-person to discuss optimal sequencing after T-DXd progression for Datroway (datopotamab deruxtecan (Dato-DXd)) in TROP2 metastatic NSCLC. Overall tone was negative and scientific interest appeared high. Requested clinical trial enrollment info regarding real-world evidence evidence. HCP compared experience with Tukysa and asked how our data differs. No specific follow-up requested at this time. Non-promotional scientific exchange only.
INT-00210,HCP-00195,Dr. Elise Fournier,2026-07-26,Congress,30,Met with the HCP via congress to discuss real-world outcomes and treatment patterns post-T-DXd for Vanflyta (quizartinib) in FLT3-ITD+ acute myeloid leukemia. Overall tone was positive and scientific interest appeared high. Requested biomarker testing guidance regarding biomarker evidence. HCP compared experience with Phesgo and asked how our data differs. Requested a follow-up with additional materials. Non-promotional scientific exchange only.
INT-00211,HCP-00162,Dr. Elise Fournier,2026-07-19,Congress,30,Met with the HCP via congress to discuss nausea and dosing management for antibody-drug conjugates for Datroway (datopotamab deruxtecan (Dato-DXd)) in HR+/HER2- metastatic breast cancer. Overall tone was positive and scientific interest appeared low. Requested subgroup analysis regarding real-world evidence evidence. HCP compared experience with Kadcyla and asked how our data differs. No specific follow-up requested at this time. Non-promotional scientific exchange only.
INT-00212,HCP-00036,Dr. Elise Fournier,2026-07-28,Congress,30,Met with the HCP via congress to discuss TROPION-Lung and TROPION-Breast trial design for Enhertu (trastuzumab deruxtecan (T-DXd)) in HER2+ metastatic breast cancer. Overall tone was positive and scientific interest appeared low. Requested biomarker testing guidance regarding real-world evidence evidence. No specific follow-up requested at this time. Non-promotional scientific exchange only.
INT-00213,HCP-00012,Dr. Devin Rao,2026-01-31,In-person,15,Met with the HCP via in-person to discuss TROPION-Lung and TROPION-Breast trial design for Enhertu (trastuzumab deruxtecan (T-DXd)) in HER2-low metastatic breast cancer. Overall tone was neutral and scientific interest appeared medium. Requested clinical trial enrollment info regarding mechanism of action evidence. HCP compared experience with Perjeta and asked how our data differs. No specific follow-up requested at this time. Non-promotional scientific exchange only.
INT-00214,HCP-00280,Dr. Amara Osei,2026-08-15,Congress,30,Met with the HCP via congress to discuss TROP2 expression and biomarker-driven patient selection for Enhertu (trastuzumab deruxtecan (T-DXd)) in HER2-mutant metastatic NSCLC. Overall tone was neutral and scientific interest appeared high. Requested clinical trial enrollment info regarding biomarker evidence. No specific follow-up requested at this time. Non-promotional scientific exchange only.
INT-00215,HCP-00110,Dr. Ben Carrington,2026-02-28,Phone,15,Met with the HCP via phone to discuss CNS activity and brain metastases outcomes for Enhertu (trastuzumab deruxtecan (T-DXd)) in HER2-mutant metastatic NSCLC. Overall tone was negative and scientific interest appeared medium. Asked for congress data / abstracts regarding efficacy evidence. HCP compared experience with Trodelvy and asked how our data differs. No specific follow-up requested at this time. Non-promotional scientific exchange only.
INT-00216,HCP-00064,Dr. Devin Rao,2026-09-20,Congress,45,Met with the HCP via congress to discuss ADC-related ILD adverse event grading and dose interruption for Datroway (datopotamab deruxtecan (Dato-DXd)) in HR+/HER2- metastatic breast cancer. Overall tone was negative and scientific interest appeared medium. Requested comparative efficacy data regarding safety evidence. HCP compared experience with Tukysa and asked how our data differs. Requested a follow-up with additional materials. Non-promotional scientific exchange only.
INT-00217,HCP-00161,Dr. Clara Winters,2026-08-23,In-person,30,Met with the HCP via in-person to discuss nausea and dosing management for antibody-drug conjugates for HER3-DXd (patritumab deruxtecan (pipeline)) in EGFR-mutant NSCLC (investigational). Overall tone was positive and scientific interest appeared low. Asked for dosing schedule details regarding subgroup analysis evidence. HCP compared experience with Phesgo and asked how our data differs. Requested a follow-up with additional materials. Non-promotional scientific exchange only.
INT-00218,HCP-00012,Dr. Farid Nazari,2026-03-02,Congress,30,Met with the HCP via congress to discuss general scientific exchange on the oncology portfolio for Datroway (datopotamab deruxtecan (Dato-DXd)) in TROP2 metastatic NSCLC. Overall tone was neutral and scientific interest appeared high. Requested clinical trial enrollment info regarding subgroup analysis evidence. HCP compared experience with Kadcyla and asked how our data differs. No specific follow-up requested at this time. Non-promotional scientific exchange only.
INT-00219,HCP-00183,Dr. Clara Winters,2026-05-04,Congress,15,Met with the HCP via congress to discuss comparative evidence versus T-DM1 and trastuzumab for Vanflyta (quizartinib) in FLT3-ITD+ acute myeloid leukemia. Overall tone was negative and scientific interest appeared low. Asked for congress data / abstracts regarding real-world evidence evidence. HCP compared experience with Kadcyla and asked how our data differs. Requested a follow-up with additional materials. Non-promotional scientific exchange only.
INT-00220,HCP-00065,Dr. Henry Kwon,2026-02-07,Phone,30,Met with the HCP via phone to discuss head-to-head data and comparative effectiveness for Enhertu (trastuzumab deruxtecan (T-DXd)) in HER2-low metastatic breast cancer. Overall tone was neutral and scientific interest appeared medium. Asked for congress data / abstracts regarding subgroup analysis evidence. HCP compared experience with Perjeta and asked how our data differs. No specific follow-up requested at this time. Non-promotional scientific exchange only.
INT-00221,HCP-00229,Dr. Grace Lim,2026-08-27,Phone,15,Met with the HCP via phone to discuss combination strategies with immunotherapy for Vanflyta (quizartinib) in FLT3-ITD+ acute myeloid leukemia. Overall tone was negative and scientific interest appeared medium. Requested clinical trial enrollment info regarding safety evidence. HCP compared experience with Trodelvy and asked how our data differs. No specific follow-up requested at this time. Non-promotional scientific exchange only.
INT-00222,HCP-00010,Dr. Elise Fournier,2026-06-08,Phone,45,Met with the HCP via phone to discuss ADC-related ILD adverse event grading and dose interruption for Datroway (datopotamab deruxtecan (Dato-DXd)) in HR+/HER2- metastatic breast cancer. Overall tone was neutral and scientific interest appeared high. Asked about mechanism of action regarding dosing evidence. HCP compared experience with Kadcyla and asked how our data differs. Requested a follow-up with additional materials. Non-promotional scientific exchange only.
INT-00223,HCP-00178,Dr. Grace Lim,2026-05-06,Congress,15,Met with the HCP via congress to discuss interstitial lung disease / pneumonitis monitoring and management for Enhertu (trastuzumab deruxtecan (T-DXd)) in HER2-low metastatic breast cancer. Overall tone was neutral and scientific interest appeared high. Asked about mechanism of action regarding subgroup analysis evidence. HCP compared experience with Tukysa and asked how our data differs. Requested a follow-up with additional materials. Non-promotional scientific exchange only.
INT-00224,HCP-00043,Dr. Elise Fournier,2026-07-27,In-person,20,Met with the HCP via in-person to discuss HER2-ultralow diagnostic thresholds and assay standardization for Vanflyta (quizartinib) in FLT3-ITD+ acute myeloid leukemia. Overall tone was negative and scientific interest appeared medium. Requested subgroup analysis regarding dosing evidence. HCP compared experience with Perjeta and asked how our data differs. No specific follow-up requested at this time. Non-promotional scientific exchange only.
INT-00225,HCP-00239,Dr. Ben Carrington,2026-04-04,Congress,45,Met with the HCP via congress to discuss CNS activity and brain metastases outcomes for Vanflyta (quizartinib) in FLT3-ITD+ acute myeloid leukemia. Overall tone was positive and scientific interest appeared low. Requested biomarker testing guidance regarding comparative evidence. HCP compared experience with Perjeta and asked how our data differs. Requested a follow-up with additional materials. Non-promotional scientific exchange only.
INT-00226,HCP-00254,Dr. Devin Rao,2026-04-22,Virtual,15,Met with the HCP via virtual to discuss HER2-ultralow diagnostic thresholds and assay standardization for Datroway (datopotamab deruxtecan (Dato-DXd)) in HR+/HER2- metastatic breast cancer. Overall tone was positive and scientific interest appeared medium. Requested peer-reviewed publications regarding real-world evidence evidence. HCP compared experience with Phesgo and asked how our data differs. No specific follow-up requested at this time. Non-promotional scientific exchange only.
INT-00227,HCP-00201,Dr. Henry Kwon,2026-01-20,Congress,60,Met with the HCP via congress to discuss comparative evidence versus T-DM1 and trastuzumab for Vanflyta (quizartinib) in FLT3-ITD+ acute myeloid leukemia. Overall tone was negative and scientific interest appeared high. Asked for dosing schedule details regarding comparative evidence. HCP compared experience with Phesgo and asked how our data differs. No specific follow-up requested at this time. Non-promotional scientific exchange only.
INT-00228,HCP-00170,Dr. Farid Nazari,2026-02-24,Virtual,30,Met with the HCP via virtual to discuss ADC-related ILD adverse event grading and dose interruption for Vanflyta (quizartinib) in FLT3-ITD+ acute myeloid leukemia. Overall tone was positive and scientific interest appeared high. Requested subgroup analysis regarding mechanism of action evidence. HCP compared experience with Tukysa and asked how our data differs. Requested a follow-up with additional materials. Non-promotional scientific exchange only.
INT-00229,HCP-00089,Dr. Elise Fournier,2026-09-14,In-person,15,Met with the HCP via in-person to discuss general scientific exchange on the oncology portfolio for Enhertu (trastuzumab deruxtecan (T-DXd)) in HER2-mutant metastatic NSCLC. Overall tone was neutral and scientific interest appeared high. Requested subgroup analysis regarding comparative evidence. HCP compared experience with Tukysa and asked how our data differs. No specific follow-up requested at this time. Non-promotional scientific exchange only.
INT-00230,HCP-00123,Dr. Amara Osei,2026-05-10,Virtual,60,Met with the HCP via virtual to discuss TROP2 expression and biomarker-driven patient selection for HER3-DXd (patritumab deruxtecan (pipeline)) in EGFR-mutant NSCLC (investigational). Overall tone was neutral and scientific interest appeared medium. Asked for congress data / abstracts regarding comparative evidence. Requested a follow-up with additional materials. Non-promotional scientific exchange only.
INT-00231,HCP-00088,Dr. Amara Osei,2026-07-13,Virtual,60,Met with the HCP via virtual to discuss HER2 IHC testing and HER2-low patient identification for HER3-DXd (patritumab deruxtecan (pipeline)) in EGFR-mutant NSCLC (investigational). Overall tone was positive and scientific interest appeared medium. Asked about mechanism of action regarding biomarker evidence. Requested a follow-up with additional materials. Non-promotional scientific exchange only.
INT-00232,HCP-00203,Dr. Ben Carrington,2026-05-14,Congress,30,Met with the HCP via congress to discuss HER2 IHC testing and HER2-low patient identification for Enhertu (trastuzumab deruxtecan (T-DXd)) in HER2+ metastatic breast cancer. Overall tone was neutral and scientific interest appeared medium. Requested clinical trial enrollment info regarding comparative evidence. HCP compared experience with Kadcyla and asked how our data differs. Requested a follow-up with additional materials. Non-promotional scientific exchange only.
INT-00233,HCP-00107,Dr. Farid Nazari,2026-05-05,Congress,60,Met with the HCP via congress to discuss HER2-ultralow diagnostic thresholds and assay standardization for Datroway (datopotamab deruxtecan (Dato-DXd)) in TROP2 metastatic NSCLC. Overall tone was neutral and scientific interest appeared low. Requested subgroup analysis regarding comparative evidence. HCP compared experience with Trodelvy and asked how our data differs. Requested a follow-up with additional materials. Non-promotional scientific exchange only.
INT-00234,HCP-00242,Dr. Farid Nazari,2026-07-15,Email,30,Met with the HCP via email to discuss long-term duration of response and survival outcomes for Datroway (datopotamab deruxtecan (Dato-DXd)) in HR+/HER2- metastatic breast cancer. Overall tone was positive and scientific interest appeared low. Asked for congress data / abstracts regarding subgroup analysis evidence. HCP compared experience with Phesgo and asked how our data differs. Requested a follow-up with additional materials. Non-promotional scientific exchange only.
INT-00235,HCP-00011,Dr. Grace Lim,2026-08-06,Phone,30,Met with the HCP via phone to discuss ADC-related ILD adverse event grading and dose interruption for Datroway (datopotamab deruxtecan (Dato-DXd)) in TROP2 metastatic NSCLC. Overall tone was neutral and scientific interest appeared high. Requested clinical trial enrollment info regarding mechanism of action evidence. HCP compared experience with Phesgo and asked how our data differs. No specific follow-up requested at this time. Non-promotional scientific exchange only.
INT-00236,HCP-00103,Dr. Devin Rao,2026-08-10,Phone,30,Met with the HCP via phone to discuss combination strategies with immunotherapy for Enhertu (trastuzumab deruxtecan (T-DXd)) in HER2-ultralow metastatic breast cancer. Overall tone was neutral and scientific interest appeared medium. Wants real-world evidence data regarding mechanism of action evidence. HCP compared experience with Trodelvy and asked how our data differs. Requested a follow-up with additional materials. Non-promotional scientific exchange only.
INT-00237,HCP-00194,Dr. Henry Kwon,2026-08-03,Email,60,Met with the HCP via email to discuss comparative evidence versus T-DM1 and trastuzumab for Vanflyta (quizartinib) in FLT3-ITD+ acute myeloid leukemia. Overall tone was neutral and scientific interest appeared low. Wants safety management guidance regarding efficacy evidence. HCP compared experience with Kadcyla and asked how our data differs. Requested a follow-up with additional materials. Non-promotional scientific exchange only.
INT-00238,HCP-00137,Dr. Henry Kwon,2026-05-31,Phone,45,Met with the HCP via phone to discuss interstitial lung disease / pneumonitis monitoring and management for Enhertu (trastuzumab deruxtecan (T-DXd)) in HER2+ metastatic breast cancer. Overall tone was negative and scientific interest appeared low. Wants real-world evidence data regarding biomarker evidence. No specific follow-up requested at this time. Non-promotional scientific exchange only.
INT-00239,HCP-00262,Dr. Grace Lim,2026-09-17,Virtual,45,Met with the HCP via virtual to discuss CNS activity and brain metastases outcomes for Vanflyta (quizartinib) in FLT3-ITD+ acute myeloid leukemia. Overall tone was positive and scientific interest appeared high. Asked for congress data / abstracts regarding dosing evidence. HCP compared experience with Phesgo and asked how our data differs. Requested a follow-up with additional materials. Non-promotional scientific exchange only.
INT-00240,HCP-00036,Dr. Henry Kwon,2026-01-06,In-person,45,Met with the HCP via in-person to discuss optimal sequencing after T-DXd progression for HER3-DXd (patritumab deruxtecan (pipeline)) in EGFR-mutant NSCLC (investigational). Overall tone was neutral and scientific interest appeared medium. Wants real-world evidence data regarding biomarker evidence. HCP compared experience with Perjeta and asked how our data differs. No specific follow-up requested at this time. Non-promotional scientific exchange only.
INT-00241,HCP-00009,Dr. Henry Kwon,2026-06-13,Phone,30,Met with the HCP via phone to discuss TROPION-Lung and TROPION-Breast trial design for HER3-DXd (patritumab deruxtecan (pipeline)) in EGFR-mutant NSCLC (investigational). Overall tone was neutral and scientific interest appeared medium. Requested clinical trial enrollment info regarding dosing evidence. HCP compared experience with Trodelvy and asked how our data differs. Requested a follow-up with additional materials. Non-promotional scientific exchange only.
INT-00242,HCP-00230,Dr. Amara Osei,2026-09-25,Phone,60,Met with the HCP via phone to discuss interstitial lung disease / pneumonitis monitoring and management for Datroway (datopotamab deruxtecan (Dato-DXd)) in TROP2 metastatic NSCLC. Overall tone was positive and scientific interest appeared medium. Requested comparative efficacy data regarding comparative evidence. HCP compared experience with Perjeta and asked how our data differs. No specific follow-up requested at this time. Non-promotional scientific exchange only.
INT-00243,HCP-00254,Dr. Amara Osei,2026-09-01,In-person,60,Met with the HCP via in-person to discuss combination strategies with immunotherapy for Enhertu (trastuzumab deruxtecan (T-DXd)) in HER2+ metastatic gastric cancer. Overall tone was positive and scientific interest appeared medium. Requested clinical trial enrollment info regarding biomarker evidence. HCP compared experience with Perjeta and asked how our data differs. Requested a follow-up with additional materials. Non-promotional scientific exchange only.
INT-00244,HCP-00292,Dr. Clara Winters,2026-04-14,In-person,30,Met with the HCP via in-person to discuss TROP2 expression and biomarker-driven patient selection for HER3-DXd (patritumab deruxtecan (pipeline)) in EGFR-mutant NSCLC (investigational). Overall tone was neutral and scientific interest appeared high. Wants safety management guidance regarding efficacy evidence. No specific follow-up requested at this time. Non-promotional scientific exchange only.
INT-00245,HCP-00102,Dr. Farid Nazari,2026-03-06,In-person,20,Met with the HCP via in-person to discuss CNS activity and brain metastases outcomes for Enhertu (trastuzumab deruxtecan (T-DXd)) in HER2-mutant metastatic NSCLC. Overall tone was neutral and scientific interest appeared high. Wants safety management guidance regarding dosing evidence. No specific follow-up requested at this time. Non-promotional scientific exchange only.
INT-00246,HCP-00076,Dr. Henry Kwon,2026-08-21,Congress,45,Met with the HCP via congress to discuss DESTINY-Breast04 and DESTINY-Breast06 efficacy data for Enhertu (trastuzumab deruxtecan (T-DXd)) in HER2-ultralow metastatic breast cancer. Overall tone was positive and scientific interest appeared high. Asked about mechanism of action regarding efficacy evidence. HCP compared experience with Tukysa and asked how our data differs. No specific follow-up requested at this time. Non-promotional scientific exchange only.
INT-00247,HCP-00192,Dr. Ben Carrington,2026-05-20,In-person,45,Met with the HCP via in-person to discuss CNS activity and brain metastases outcomes for Vanflyta (quizartinib) in FLT3-ITD+ acute myeloid leukemia. Overall tone was positive and scientific interest appeared low. Asked for dosing schedule details regarding comparative evidence. No specific follow-up requested at this time. Non-promotional scientific exchange only.
INT-00248,HCP-00215,Dr. Farid Nazari,2026-05-11,Email,45,Met with the HCP via email to discuss real-world outcomes and treatment patterns post-T-DXd for Datroway (datopotamab deruxtecan (Dato-DXd)) in HR+/HER2- metastatic breast cancer. Overall tone was neutral and scientific interest appeared high. Wants safety management guidance regarding subgroup analysis evidence. HCP compared experience with Trodelvy and asked how our data differs. No specific follow-up requested at this time. Non-promotional scientific exchange only.
INT-00249,HCP-00252,Dr. Farid Nazari,2026-02-04,Email,45,Met with the HCP via email to discuss real-world evidence for T-DXd in HER2-low populations for Datroway (datopotamab deruxtecan (Dato-DXd)) in HR+/HER2- metastatic breast cancer. Overall tone was positive and scientific interest appeared low. Requested clinical trial enrollment info regarding subgroup analysis evidence. HCP compared experience with Tukysa and asked how our data differs. Requested a follow-up with additional materials. Non-promotional scientific exchange only.
INT-00250,HCP-00052,Dr. Farid Nazari,2026-03-26,Virtual,15,Met with the HCP via virtual to discuss nausea and dosing management for antibody-drug conjugates for Datroway (datopotamab deruxtecan (Dato-DXd)) in TROP2 metastatic NSCLC. Overall tone was neutral and scientific interest appeared low. Requested comparative efficacy data regarding comparative evidence. No specific follow-up requested at this time. Non-promotional scientific exchange only.
INT-00251,HCP-00165,Dr. Ben Carrington,2026-03-21,In-person,15,Met with the HCP via in-person to discuss interstitial lung disease / pneumonitis monitoring and management for HER3-DXd (patritumab deruxtecan (pipeline)) in EGFR-mutant NSCLC (investigational). Overall tone was positive and scientific interest appeared high. Requested subgroup analysis regarding real-world evidence evidence. Requested a follow-up with additional materials. Non-promotional scientific exchange only.
INT-00252,HCP-00099,Dr. Elise Fournier,2026-04-02,Virtual,20,Met with the HCP via virtual to discuss ADC-related ILD adverse event grading and dose interruption for HER3-DXd (patritumab deruxtecan (pipeline)) in EGFR-mutant NSCLC (investigational). Overall tone was neutral and scientific interest appeared medium. Wants safety management guidance regarding comparative evidence. HCP compared experience with Tukysa and asked how our data differs. No specific follow-up requested at this time. Non-promotional scientific exchange only.
INT-00253,HCP-00215,Dr. Devin Rao,2026-05-12,Congress,45,Met with the HCP via congress to discuss comparative evidence versus T-DM1 and trastuzumab for HER3-DXd (patritumab deruxtecan (pipeline)) in EGFR-mutant NSCLC (investigational). Overall tone was neutral and scientific interest appeared medium. Wants safety management guidance regarding comparative evidence. No specific follow-up requested at this time. Non-promotional scientific exchange only.
INT-00254,HCP-00107,Dr. Elise Fournier,2026-03-17,Phone,20,Met with the HCP via phone to discuss real-world evidence for T-DXd in HER2-low populations for Vanflyta (quizartinib) in FLT3-ITD+ acute myeloid leukemia. Overall tone was neutral and scientific interest appeared high. Requested subgroup analysis regarding dosing evidence. HCP compared experience with Phesgo and asked how our data differs. Requested a follow-up with additional materials. Non-promotional scientific exchange only.
INT-00255,HCP-00248,Dr. Grace Lim,2026-07-18,In-person,30,Met with the HCP via in-person to discuss head-to-head data and comparative effectiveness for HER3-DXd (patritumab deruxtecan (pipeline)) in EGFR-mutant NSCLC (investigational). Overall tone was neutral and scientific interest appeared high. Asked for congress data / abstracts regarding efficacy evidence. HCP compared experience with Perjeta and asked how our data differs. No specific follow-up requested at this time. Non-promotional scientific exchange only.
INT-00256,HCP-00029,Dr. Devin Rao,2026-06-23,Virtual,30,Met with the HCP via virtual to discuss HER2 IHC testing and HER2-low patient identification for Enhertu (trastuzumab deruxtecan (T-DXd)) in HER2-low metastatic breast cancer. Overall tone was negative and scientific interest appeared high. Asked about mechanism of action regarding comparative evidence. HCP compared experience with Kadcyla and asked how our data differs. Requested a follow-up with additional materials. Non-promotional scientific exchange only.
INT-00257,HCP-00119,Dr. Clara Winters,2026-05-28,Congress,20,Met with the HCP via congress to discuss optimal sequencing after T-DXd progression for Vanflyta (quizartinib) in FLT3-ITD+ acute myeloid leukemia. Overall tone was neutral and scientific interest appeared high. Requested peer-reviewed publications regarding dosing evidence. No specific follow-up requested at this time. Non-promotional scientific exchange only.
INT-00258,HCP-00104,Dr. Farid Nazari,2026-09-04,Email,60,Met with the HCP via email to discuss ADC-related ILD adverse event grading and dose interruption for Enhertu (trastuzumab deruxtecan (T-DXd)) in HER2-low metastatic breast cancer. Overall tone was neutral and scientific interest appeared high. Requested clinical trial enrollment info regarding biomarker evidence. HCP compared experience with Phesgo and asked how our data differs. Requested a follow-up with additional materials. Non-promotional scientific exchange only.
INT-00259,HCP-00219,Dr. Ben Carrington,2026-06-09,Virtual,45,Met with the HCP via virtual to discuss nausea and dosing management for antibody-drug conjugates for Enhertu (trastuzumab deruxtecan (T-DXd)) in HER2-ultralow metastatic breast cancer. Overall tone was positive and scientific interest appeared medium. Asked for dosing schedule details regarding real-world evidence evidence. HCP compared experience with Tukysa and asked how our data differs. Requested a follow-up with additional materials. Non-promotional scientific exchange only.
INT-00260,HCP-00021,Dr. Henry Kwon,2026-03-25,Phone,30,Met with the HCP via phone to discuss long-term duration of response and survival outcomes for Datroway (datopotamab deruxtecan (Dato-DXd)) in TROP2 metastatic NSCLC. Overall tone was neutral and scientific interest appeared low. Wants safety management guidance regarding safety evidence. HCP compared experience with Trodelvy and asked how our data differs. No specific follow-up requested at this time. Non-promotional scientific exchange only.
INT-00261,HCP-00176,Dr. Ben Carrington,2026-06-15,Congress,30,Met with the HCP via congress to discuss comparative evidence versus T-DM1 and trastuzumab for Datroway (datopotamab deruxtecan (Dato-DXd)) in HR+/HER2- metastatic breast cancer. Overall tone was positive and scientific interest appeared high. Requested comparative efficacy data regarding comparative evidence. HCP compared experience with Perjeta and asked how our data differs. Requested a follow-up with additional materials. Non-promotional scientific exchange only.
INT-00262,HCP-00057,Dr. Henry Kwon,2026-08-23,In-person,15,Met with the HCP via in-person to discuss TROP2 expression and biomarker-driven patient selection for Datroway (datopotamab deruxtecan (Dato-DXd)) in HR+/HER2- metastatic breast cancer. Overall tone was neutral and scientific interest appeared high. Requested biomarker testing guidance regarding efficacy evidence. HCP compared experience with Tukysa and asked how our data differs. Requested a follow-up with additional materials. Non-promotional scientific exchange only.
INT-00263,HCP-00135,Dr. Farid Nazari,2026-03-31,Phone,30,Met with the HCP via phone to discuss TROP2 expression and biomarker-driven patient selection for Vanflyta (quizartinib) in FLT3-ITD+ acute myeloid leukemia. Overall tone was positive and scientific interest appeared high. Requested subgroup analysis regarding subgroup analysis evidence. HCP compared experience with Phesgo and asked how our data differs. Requested a follow-up with additional materials. Non-promotional scientific exchange only.
INT-00264,HCP-00066,Dr. Grace Lim,2026-04-20,Virtual,30,Met with the HCP via virtual to discuss general scientific exchange on the oncology portfolio for Datroway (datopotamab deruxtecan (Dato-DXd)) in TROP2 metastatic NSCLC. Overall tone was neutral and scientific interest appeared low. Requested comparative efficacy data regarding subgroup analysis evidence. No specific follow-up requested at this time. Non-promotional scientific exchange only.
INT-00265,HCP-00150,Dr. Ben Carrington,2026-05-03,Email,30,Met with the HCP via email to discuss optimal sequencing after T-DXd progression for Datroway (datopotamab deruxtecan (Dato-DXd)) in TROP2 metastatic NSCLC. Overall tone was neutral and scientific interest appeared high. Requested clinical trial enrollment info regarding comparative evidence. HCP compared experience with Tukysa and asked how our data differs. Requested a follow-up with additional materials. Non-promotional scientific exchange only.
INT-00266,HCP-00176,Dr. Devin Rao,2026-09-16,Virtual,60,Met with the HCP via virtual to discuss long-term duration of response and survival outcomes for HER3-DXd (patritumab deruxtecan (pipeline)) in EGFR-mutant NSCLC (investigational). Overall tone was negative and scientific interest appeared low. Requested clinical trial enrollment info regarding real-world evidence evidence. No specific follow-up requested at this time. Non-promotional scientific exchange only.
INT-00267,HCP-00115,Dr. Grace Lim,2026-03-12,In-person,30,Met with the HCP via in-person to discuss head-to-head data and comparative effectiveness for Enhertu (trastuzumab deruxtecan (T-DXd)) in HER2+ metastatic breast cancer. Overall tone was neutral and scientific interest appeared high. Requested comparative efficacy data regarding real-world evidence evidence. HCP compared experience with Trodelvy and asked how our data differs. No specific follow-up requested at this time. Non-promotional scientific exchange only.
INT-00268,HCP-00027,Dr. Henry Kwon,2026-02-17,Virtual,15,Met with the HCP via virtual to discuss nausea and dosing management for antibody-drug conjugates for Vanflyta (quizartinib) in FLT3-ITD+ acute myeloid leukemia. Overall tone was neutral and scientific interest appeared high. Requested peer-reviewed publications regarding efficacy evidence. Requested a follow-up with additional materials. Non-promotional scientific exchange only.
INT-00269,HCP-00118,Dr. Amara Osei,2026-09-20,Phone,45,Met with the HCP via phone to discuss comparative evidence versus T-DM1 and trastuzumab for HER3-DXd (patritumab deruxtecan (pipeline)) in EGFR-mutant NSCLC (investigational). Overall tone was positive and scientific interest appeared medium. Asked for congress data / abstracts regarding safety evidence. Requested a follow-up with additional materials. Non-promotional scientific exchange only.
INT-00270,HCP-00179,Dr. Clara Winters,2026-07-02,Phone,30,Met with the HCP via phone to discuss optimal sequencing after T-DXd progression for HER3-DXd (patritumab deruxtecan (pipeline)) in EGFR-mutant NSCLC (investigational). Overall tone was negative and scientific interest appeared high. Requested peer-reviewed publications regarding subgroup analysis evidence. HCP compared experience with Tukysa and asked how our data differs. No specific follow-up requested at this time. Non-promotional scientific exchange only.
INT-00271,HCP-00207,Dr. Farid Nazari,2026-06-17,Phone,30,Met with the HCP via phone to discuss intracranial response in patients with brain metastases for Datroway (datopotamab deruxtecan (Dato-DXd)) in TROP2 metastatic NSCLC. Overall tone was positive and scientific interest appeared high. Requested subgroup analysis regarding biomarker evidence. HCP compared experience with Trodelvy and asked how our data differs. No specific follow-up requested at this time. Non-promotional scientific exchange only.
INT-00272,HCP-00097,Dr. Amara Osei,2026-01-08,Email,20,Met with the HCP via email to discuss TROP2 expression and biomarker-driven patient selection for Datroway (datopotamab deruxtecan (Dato-DXd)) in HR+/HER2- metastatic breast cancer. Overall tone was positive and scientific interest appeared medium. Wants real-world evidence data regarding biomarker evidence. HCP compared experience with Kadcyla and asked how our data differs. Requested a follow-up with additional materials. Non-promotional scientific exchange only.
INT-00273,HCP-00272,Dr. Clara Winters,2026-03-22,Virtual,45,Met with the HCP via virtual to discuss HER2-ultralow diagnostic thresholds and assay standardization for HER3-DXd (patritumab deruxtecan (pipeline)) in EGFR-mutant NSCLC (investigational). Overall tone was neutral and scientific interest appeared high. Requested subgroup analysis regarding biomarker evidence. Requested a follow-up with additional materials. Non-promotional scientific exchange only.
INT-00274,HCP-00099,Dr. Devin Rao,2026-09-15,Phone,30,Met with the HCP via phone to discuss ADC-related ILD adverse event grading and dose interruption for HER3-DXd (patritumab deruxtecan (pipeline)) in EGFR-mutant NSCLC (investigational). Overall tone was positive and scientific interest appeared low. Requested peer-reviewed publications regarding dosing evidence. HCP compared experience with Perjeta and asked how our data differs. No specific follow-up requested at this time. Non-promotional scientific exchange only.
INT-00275,HCP-00270,Dr. Devin Rao,2026-06-11,Virtual,60,Met with the HCP via virtual to discuss HER2 IHC testing and HER2-low patient identification for Datroway (datopotamab deruxtecan (Dato-DXd)) in TROP2 metastatic NSCLC. Overall tone was neutral and scientific interest appeared high. Wants real-world evidence data regarding biomarker evidence. HCP compared experience with Phesgo and asked how our data differs. Requested a follow-up with additional materials. Non-promotional scientific exchange only.
INT-00276,HCP-00114,Dr. Farid Nazari,2026-09-10,In-person,60,Met with the HCP via in-person to discuss HER2 IHC testing and HER2-low patient identification for HER3-DXd (patritumab deruxtecan (pipeline)) in EGFR-mutant NSCLC (investigational). Overall tone was neutral and scientific interest appeared high. Requested comparative efficacy data regarding real-world evidence evidence. HCP compared experience with Tukysa and asked how our data differs. Requested a follow-up with additional materials. Non-promotional scientific exchange only.
INT-00277,HCP-00141,Dr. Devin Rao,2026-02-21,In-person,30,Met with the HCP via in-person to discuss comparative evidence versus T-DM1 and trastuzumab for HER3-DXd (patritumab deruxtecan (pipeline)) in EGFR-mutant NSCLC (investigational). Overall tone was negative and scientific interest appeared high. Asked for dosing schedule details regarding comparative evidence. HCP compared experience with Perjeta and asked how our data differs. Requested a follow-up with additional materials. Non-promotional scientific exchange only.
INT-00278,HCP-00114,Dr. Devin Rao,2026-03-20,Phone,45,Met with the HCP via phone to discuss DESTINY-Breast04 and DESTINY-Breast06 efficacy data for Enhertu (trastuzumab deruxtecan (T-DXd)) in HER2-mutant metastatic NSCLC. Overall tone was positive and scientific interest appeared high. Requested comparative efficacy data regarding safety evidence. HCP compared experience with Tukysa and asked how our data differs. No specific follow-up requested at this time. Non-promotional scientific exchange only.
INT-00279,HCP-00123,Dr. Farid Nazari,2026-04-11,Phone,45,Met with the HCP via phone to discuss intracranial response in patients with brain metastases for Vanflyta (quizartinib) in FLT3-ITD+ acute myeloid leukemia. Overall tone was positive and scientific interest appeared medium. Requested subgroup analysis regarding subgroup analysis evidence. No specific follow-up requested at this time. Non-promotional scientific exchange only.
INT-00280,HCP-00228,Dr. Grace Lim,2026-04-24,In-person,60,Met with the HCP via in-person to discuss interstitial lung disease / pneumonitis monitoring and management for Datroway (datopotamab deruxtecan (Dato-DXd)) in TROP2 metastatic NSCLC. Overall tone was positive and scientific interest appeared low. Requested comparative efficacy data regarding comparative evidence. HCP compared experience with Kadcyla and asked how our data differs. Requested a follow-up with additional materials. Non-promotional scientific exchange only.
INT-00281,HCP-00024,Dr. Farid Nazari,2026-02-03,Congress,20,Met with the HCP via congress to discuss optimal sequencing after T-DXd progression for Enhertu (trastuzumab deruxtecan (T-DXd)) in HER2+ metastatic breast cancer. Overall tone was neutral and scientific interest appeared high. Requested peer-reviewed publications regarding subgroup analysis evidence. Requested a follow-up with additional materials. Non-promotional scientific exchange only.
INT-00282,HCP-00197,Dr. Devin Rao,2026-02-13,Phone,15,Met with the HCP via phone to discuss combination strategies with immunotherapy for HER3-DXd (patritumab deruxtecan (pipeline)) in EGFR-mutant NSCLC (investigational). Overall tone was neutral and scientific interest appeared high. Asked for congress data / abstracts regarding dosing evidence. HCP compared experience with Tukysa and asked how our data differs. Requested a follow-up with additional materials. Non-promotional scientific exchange only.
INT-00283,HCP-00197,Dr. Amara Osei,2026-09-13,Phone,30,Met with the HCP via phone to discuss head-to-head data and comparative effectiveness for Enhertu (trastuzumab deruxtecan (T-DXd)) in HER2+ metastatic gastric cancer. Overall tone was neutral and scientific interest appeared low. Wants real-world evidence data regarding biomarker evidence. Requested a follow-up with additional materials. Non-promotional scientific exchange only.
INT-00284,HCP-00172,Dr. Elise Fournier,2026-04-09,Phone,45,Met with the HCP via phone to discuss long-term duration of response and survival outcomes for Enhertu (trastuzumab deruxtecan (T-DXd)) in HER2+ metastatic breast cancer. Overall tone was negative and scientific interest appeared medium. Requested subgroup analysis regarding dosing evidence. HCP compared experience with Phesgo and asked how our data differs. No specific follow-up requested at this time. Non-promotional scientific exchange only.
INT-00285,HCP-00177,Dr. Devin Rao,2026-08-10,Virtual,30,Met with the HCP via virtual to discuss TROPION-Lung and TROPION-Breast trial design for Enhertu (trastuzumab deruxtecan (T-DXd)) in HER2+ metastatic breast cancer. Overall tone was neutral and scientific interest appeared medium. Asked for congress data / abstracts regarding biomarker evidence. No specific follow-up requested at this time. Non-promotional scientific exchange only.
INT-00286,HCP-00273,Dr. Ben Carrington,2026-07-03,Phone,20,Met with the HCP via phone to discuss interstitial lung disease / pneumonitis monitoring and management for HER3-DXd (patritumab deruxtecan (pipeline)) in EGFR-mutant NSCLC (investigational). Overall tone was positive and scientific interest appeared medium. Requested subgroup analysis regarding comparative evidence. HCP compared experience with Tukysa and asked how our data differs. No specific follow-up requested at this time. Non-promotional scientific exchange only.
INT-00287,HCP-00151,Dr. Grace Lim,2026-04-26,Virtual,60,Met with the HCP via virtual to discuss HER2-ultralow diagnostic thresholds and assay standardization for Enhertu (trastuzumab deruxtecan (T-DXd)) in HER2+ metastatic breast cancer. Overall tone was positive and scientific interest appeared medium. Asked about mechanism of action regarding real-world evidence evidence. No specific follow-up requested at this time. Non-promotional scientific exchange only.
INT-00288,HCP-00154,Dr. Amara Osei,2026-08-21,Phone,45,Met with the HCP via phone to discuss comparative evidence versus T-DM1 and trastuzumab for HER3-DXd (patritumab deruxtecan (pipeline)) in EGFR-mutant NSCLC (investigational). Overall tone was neutral and scientific interest appeared high. Asked about mechanism of action regarding real-world evidence evidence. Requested a follow-up with additional materials. Non-promotional scientific exchange only.
INT-00289,HCP-00233,Dr. Devin Rao,2026-09-03,In-person,30,Met with the HCP via in-person to discuss TROPION-Lung and TROPION-Breast trial design for Datroway (datopotamab deruxtecan (Dato-DXd)) in TROP2 metastatic NSCLC. Overall tone was negative and scientific interest appeared high. Asked for dosing schedule details regarding dosing evidence. No specific follow-up requested at this time. Non-promotional scientific exchange only.
INT-00290,HCP-00044,Dr. Grace Lim,2026-04-07,In-person,60,Met with the HCP via in-person to discuss HER2 IHC testing and HER2-low patient identification for HER3-DXd (patritumab deruxtecan (pipeline)) in EGFR-mutant NSCLC (investigational). Overall tone was positive and scientific interest appeared low. Wants real-world evidence data regarding safety evidence. HCP compared experience with Perjeta and asked how our data differs. No specific follow-up requested at this time. Non-promotional scientific exchange only.
INT-00291,HCP-00285,Dr. Grace Lim,2026-07-31,Congress,20,Met with the HCP via congress to discuss general scientific exchange on the oncology portfolio for HER3-DXd (patritumab deruxtecan (pipeline)) in EGFR-mutant NSCLC (investigational). Overall tone was negative and scientific interest appeared medium. Asked about mechanism of action regarding biomarker evidence. HCP compared experience with Trodelvy and asked how our data differs. No specific follow-up requested at this time. Non-promotional scientific exchange only.
INT-00292,HCP-00017,Dr. Devin Rao,2026-09-18,Virtual,30,Met with the HCP via virtual to discuss HER2-ultralow diagnostic thresholds and assay standardization for Enhertu (trastuzumab deruxtecan (T-DXd)) in HER2-low metastatic breast cancer. Overall tone was positive and scientific interest appeared medium. Asked for congress data / abstracts regarding real-world evidence evidence. Requested a follow-up with additional materials. Non-promotional scientific exchange only.
INT-00293,HCP-00177,Dr. Ben Carrington,2026-07-14,Virtual,45,Met with the HCP via virtual to discuss real-world evidence for T-DXd in HER2-low populations for HER3-DXd (patritumab deruxtecan (pipeline)) in EGFR-mutant NSCLC (investigational). Overall tone was positive and scientific interest appeared medium. Asked about mechanism of action regarding safety evidence. HCP compared experience with Tukysa and asked how our data differs. Requested a follow-up with additional materials. Non-promotional scientific exchange only.
INT-00294,HCP-00016,Dr. Grace Lim,2026-07-25,Phone,30,Met with the HCP via phone to discuss TROP2 expression and biomarker-driven patient selection for Datroway (datopotamab deruxtecan (Dato-DXd)) in HR+/HER2- metastatic breast cancer. Overall tone was positive and scientific interest appeared high. Asked for congress data / abstracts regarding dosing evidence. Requested a follow-up with additional materials. Non-promotional scientific exchange only.
INT-00295,HCP-00113,Dr. Ben Carrington,2026-03-07,Phone,60,Met with the HCP via phone to discuss optimal sequencing after T-DXd progression for Vanflyta (quizartinib) in FLT3-ITD+ acute myeloid leukemia. Overall tone was neutral and scientific interest appeared low. Wants safety management guidance regarding comparative evidence. No specific follow-up requested at this time. Non-promotional scientific exchange only.
INT-00296,HCP-00151,Dr. Amara Osei,2026-03-19,Virtual,30,Met with the HCP via virtual to discuss combination strategies with immunotherapy for Enhertu (trastuzumab deruxtecan (T-DXd)) in HER2-low metastatic breast cancer. Overall tone was negative and scientific interest appeared high. Asked for congress data / abstracts regarding comparative evidence. Requested a follow-up with additional materials. Non-promotional scientific exchange only.
INT-00297,HCP-00263,Dr. Devin Rao,2026-02-17,Virtual,60,Met with the HCP via virtual to discuss real-world outcomes and treatment patterns post-T-DXd for Vanflyta (quizartinib) in FLT3-ITD+ acute myeloid leukemia. Overall tone was negative and scientific interest appeared medium. Requested peer-reviewed publications regarding comparative evidence. HCP compared experience with Phesgo and asked how our data differs. Requested a follow-up with additional materials. Non-promotional scientific exchange only.
INT-00298,HCP-00182,Dr. Ben Carrington,2026-07-04,Email,15,Met with the HCP via email to discuss head-to-head data and comparative effectiveness for HER3-DXd (patritumab deruxtecan (pipeline)) in EGFR-mutant NSCLC (investigational). Overall tone was neutral and scientific interest appeared high. Asked for congress data / abstracts regarding real-world evidence evidence. HCP compared experience with Tukysa and asked how our data differs. Requested a follow-up with additional materials. Non-promotional scientific exchange only.
INT-00299,HCP-00235,Dr. Henry Kwon,2026-01-25,Phone,60,Met with the HCP via phone to discuss TROPION-Lung and TROPION-Breast trial design for Datroway (datopotamab deruxtecan (Dato-DXd)) in HR+/HER2- metastatic breast cancer. Overall tone was negative and scientific interest appeared high. Asked for congress data / abstracts regarding subgroup analysis evidence. No specific follow-up requested at this time. Non-promotional scientific exchange only.
INT-00300,HCP-00288,Dr. Devin Rao,2026-03-31,Virtual,60,Met with the HCP via virtual to discuss comparative evidence versus T-DM1 and trastuzumab for HER3-DXd (patritumab deruxtecan (pipeline)) in EGFR-mutant NSCLC (investigational). Overall tone was neutral and scientific interest appeared high. Requested comparative efficacy data regarding dosing evidence. Requested a follow-up with additional materials. Non-promotional scientific exchange only.
INT-00301,HCP-00078,Dr. Devin Rao,2026-07-31,Virtual,15,Met with the HCP via virtual to discuss real-world evidence for T-DXd in HER2-low populations for Vanflyta (quizartinib) in FLT3-ITD+ acute myeloid leukemia. Overall tone was positive and scientific interest appeared medium. Requested comparative efficacy data regarding safety evidence. HCP compared experience with Kadcyla and asked how our data differs. Requested a follow-up with additional materials. Non-promotional scientific exchange only.
INT-00302,HCP-00217,Dr. Henry Kwon,2026-02-27,In-person,45,Met with the HCP via in-person to discuss HER2 IHC testing and HER2-low patient identification for Enhertu (trastuzumab deruxtecan (T-DXd)) in HER2-ultralow metastatic breast cancer. Overall tone was neutral and scientific interest appeared medium. Asked for dosing schedule details regarding dosing evidence. HCP compared experience with Kadcyla and asked how our data differs. No specific follow-up requested at this time. Non-promotional scientific exchange only.
INT-00303,HCP-00167,Dr. Grace Lim,2026-01-09,Congress,30,Met with the HCP via congress to discuss real-world outcomes and treatment patterns post-T-DXd for Vanflyta (quizartinib) in FLT3-ITD+ acute myeloid leukemia. Overall tone was neutral and scientific interest appeared medium. Asked for congress data / abstracts regarding biomarker evidence. HCP compared experience with Tukysa and asked how our data differs. Requested a follow-up with additional materials. Non-promotional scientific exchange only.
INT-00304,HCP-00036,Dr. Elise Fournier,2026-01-16,Phone,15,Met with the HCP via phone to discuss long-term duration of response and survival outcomes for Enhertu (trastuzumab deruxtecan (T-DXd)) in HER2-ultralow metastatic breast cancer. Overall tone was positive and scientific interest appeared low. Asked for dosing schedule details regarding dosing evidence. No specific follow-up requested at this time. Non-promotional scientific exchange only.
INT-00305,HCP-00115,Dr. Elise Fournier,2026-05-24,Email,30,Met with the HCP via email to discuss HER2 IHC testing and HER2-low patient identification for Enhertu (trastuzumab deruxtecan (T-DXd)) in HER2-low metastatic breast cancer. Overall tone was positive and scientific interest appeared low. Asked for dosing schedule details regarding dosing evidence. HCP compared experience with Trodelvy and asked how our data differs. No specific follow-up requested at this time. Non-promotional scientific exchange only.
INT-00306,HCP-00171,Dr. Elise Fournier,2026-06-22,Email,20,Met with the HCP via email to discuss TROP2 expression and biomarker-driven patient selection for Datroway (datopotamab deruxtecan (Dato-DXd)) in TROP2 metastatic NSCLC. Overall tone was neutral and scientific interest appeared low. Requested clinical trial enrollment info regarding mechanism of action evidence. HCP compared experience with Phesgo and asked how our data differs. No specific follow-up requested at this time. Non-promotional scientific exchange only.
INT-00307,HCP-00237,Dr. Amara Osei,2026-07-21,In-person,45,Met with the HCP via in-person to discuss CNS activity and brain metastases outcomes for Enhertu (trastuzumab deruxtecan (T-DXd)) in HER2+ metastatic gastric cancer. Overall tone was neutral and scientific interest appeared medium. Requested subgroup analysis regarding real-world evidence evidence. HCP compared experience with Trodelvy and asked how our data differs. Requested a follow-up with additional materials. Non-promotional scientific exchange only.
INT-00308,HCP-00036,Dr. Clara Winters,2026-06-20,Virtual,20,Met with the HCP via virtual to discuss comparative evidence versus T-DM1 and trastuzumab for Vanflyta (quizartinib) in FLT3-ITD+ acute myeloid leukemia. Overall tone was positive and scientific interest appeared high. Wants real-world evidence data regarding dosing evidence. HCP compared experience with Perjeta and asked how our data differs. No specific follow-up requested at this time. Non-promotional scientific exchange only.
INT-00309,HCP-00216,Dr. Henry Kwon,2026-07-11,Email,20,Met with the HCP via email to discuss DESTINY-Breast04 and DESTINY-Breast06 efficacy data for HER3-DXd (patritumab deruxtecan (pipeline)) in EGFR-mutant NSCLC (investigational). Overall tone was neutral and scientific interest appeared high. Requested clinical trial enrollment info regarding real-world evidence evidence. HCP compared experience with Tukysa and asked how our data differs. Requested a follow-up with additional materials. Non-promotional scientific exchange only.
INT-00310,HCP-00113,Dr. Ben Carrington,2026-06-12,Phone,60,Met with the HCP via phone to discuss interstitial lung disease / pneumonitis monitoring and management for Vanflyta (quizartinib) in FLT3-ITD+ acute myeloid leukemia. Overall tone was neutral and scientific interest appeared low. Requested peer-reviewed publications regarding biomarker evidence. No specific follow-up requested at this time. Non-promotional scientific exchange only.
INT-00311,HCP-00060,Dr. Ben Carrington,2026-07-08,Virtual,60,Met with the HCP via virtual to discuss real-world evidence for T-DXd in HER2-low populations for Vanflyta (quizartinib) in FLT3-ITD+ acute myeloid leukemia. Overall tone was negative and scientific interest appeared medium. Requested subgroup analysis regarding mechanism of action evidence. HCP compared experience with Perjeta and asked how our data differs. Requested a follow-up with additional materials. Non-promotional scientific exchange only.
INT-00312,HCP-00179,Dr. Ben Carrington,2026-02-21,Email,20,Met with the HCP via email to discuss head-to-head data and comparative effectiveness for HER3-DXd (patritumab deruxtecan (pipeline)) in EGFR-mutant NSCLC (investigational). Overall tone was neutral and scientific interest appeared high. Requested subgroup analysis regarding subgroup analysis evidence. HCP compared experience with Tukysa and asked how our data differs. Requested a follow-up with additional materials. Non-promotional scientific exchange only.
INT-00313,HCP-00045,Dr. Farid Nazari,2026-03-18,Virtual,45,Met with the HCP via virtual to discuss CNS activity and brain metastases outcomes for Enhertu (trastuzumab deruxtecan (T-DXd)) in HER2-ultralow metastatic breast cancer. Overall tone was neutral and scientific interest appeared medium. Requested peer-reviewed publications regarding comparative evidence. No specific follow-up requested at this time. Non-promotional scientific exchange only.
INT-00314,HCP-00175,Dr. Elise Fournier,2026-05-03,Congress,20,Met with the HCP via congress to discuss comparative evidence versus T-DM1 and trastuzumab for Datroway (datopotamab deruxtecan (Dato-DXd)) in TROP2 metastatic NSCLC. Overall tone was neutral and scientific interest appeared high. Requested clinical trial enrollment info regarding dosing evidence. HCP compared experience with Kadcyla and asked how our data differs. No specific follow-up requested at this time. Non-promotional scientific exchange only.
INT-00315,HCP-00120,Dr. Amara Osei,2026-09-20,Phone,30,Met with the HCP via phone to discuss CNS activity and brain metastases outcomes for HER3-DXd (patritumab deruxtecan (pipeline)) in EGFR-mutant NSCLC (investigational). Overall tone was positive and scientific interest appeared low. Requested peer-reviewed publications regarding mechanism of action evidence. Requested a follow-up with additional materials. Non-promotional scientific exchange only.
INT-00316,HCP-00030,Dr. Ben Carrington,2026-01-17,In-person,45,Met with the HCP via in-person to discuss general scientific exchange on the oncology portfolio for HER3-DXd (patritumab deruxtecan (pipeline)) in EGFR-mutant NSCLC (investigational). Overall tone was negative and scientific interest appeared low. Requested subgroup analysis regarding mechanism of action evidence. HCP compared experience with Phesgo and asked how our data differs. Requested a follow-up with additional materials. Non-promotional scientific exchange only.
INT-00317,HCP-00139,Dr. Devin Rao,2026-01-05,Virtual,20,Met with the HCP via virtual to discuss head-to-head data and comparative effectiveness for Datroway (datopotamab deruxtecan (Dato-DXd)) in HR+/HER2- metastatic breast cancer. Overall tone was neutral and scientific interest appeared high. Requested peer-reviewed publications regarding real-world evidence evidence. HCP compared experience with Phesgo and asked how our data differs. Requested a follow-up with additional materials. Non-promotional scientific exchange only.
INT-00318,HCP-00012,Dr. Devin Rao,2026-05-31,Congress,45,Met with the HCP via congress to discuss real-world outcomes and treatment patterns post-T-DXd for Datroway (datopotamab deruxtecan (Dato-DXd)) in HR+/HER2- metastatic breast cancer. Overall tone was neutral and scientific interest appeared high. Asked about mechanism of action regarding efficacy evidence. HCP compared experience with Perjeta and asked how our data differs. No specific follow-up requested at this time. Non-promotional scientific exchange only.
INT-00319,HCP-00037,Dr. Clara Winters,2026-07-04,Virtual,60,Met with the HCP via virtual to discuss ADC-related ILD adverse event grading and dose interruption for HER3-DXd (patritumab deruxtecan (pipeline)) in EGFR-mutant NSCLC (investigational). Overall tone was neutral and scientific interest appeared low. Requested peer-reviewed publications regarding subgroup analysis evidence. HCP compared experience with Trodelvy and asked how our data differs. No specific follow-up requested at this time. Non-promotional scientific exchange only.
INT-00320,HCP-00128,Dr. Grace Lim,2026-09-17,In-person,15,Met with the HCP via in-person to discuss DESTINY-Breast04 and DESTINY-Breast06 efficacy data for Datroway (datopotamab deruxtecan (Dato-DXd)) in HR+/HER2- metastatic breast cancer. Overall tone was neutral and scientific interest appeared medium. Asked about mechanism of action regarding subgroup analysis evidence. Requested a follow-up with additional materials. Non-promotional scientific exchange only.
INT-00321,HCP-00203,Dr. Clara Winters,2026-01-20,Phone,20,Met with the HCP via phone to discuss TROPION-Lung and TROPION-Breast trial design for Vanflyta (quizartinib) in FLT3-ITD+ acute myeloid leukemia. Overall tone was negative and scientific interest appeared low. Asked for dosing schedule details regarding mechanism of action evidence. HCP compared experience with Trodelvy and asked how our data differs. No specific follow-up requested at this time. Non-promotional scientific exchange only.
INT-00322,HCP-00113,Dr. Ben Carrington,2026-06-25,Virtual,20,Met with the HCP via virtual to discuss HER2-ultralow diagnostic thresholds and assay standardization for Enhertu (trastuzumab deruxtecan (T-DXd)) in HER2-low metastatic breast cancer. Overall tone was positive and scientific interest appeared low. Requested biomarker testing guidance regarding safety evidence. HCP compared experience with Trodelvy and asked how our data differs. No specific follow-up requested at this time. Non-promotional scientific exchange only.
INT-00323,HCP-00065,Dr. Devin Rao,2026-09-02,Phone,30,Met with the HCP via phone to discuss optimal sequencing after T-DXd progression for Enhertu (trastuzumab deruxtecan (T-DXd)) in HER2+ metastatic gastric cancer. Overall tone was neutral and scientific interest appeared medium. Requested biomarker testing guidance regarding efficacy evidence. HCP compared experience with Trodelvy and asked how our data differs. No specific follow-up requested at this time. Non-promotional scientific exchange only.
INT-00324,HCP-00024,Dr. Farid Nazari,2026-06-19,Congress,45,Met with the HCP via congress to discuss TROPION-Lung and TROPION-Breast trial design for Enhertu (trastuzumab deruxtecan (T-DXd)) in HER2-low metastatic breast cancer. Overall tone was neutral and scientific interest appeared high. Asked for dosing schedule details regarding efficacy evidence. No specific follow-up requested at this time. Non-promotional scientific exchange only.
INT-00325,HCP-00215,Dr. Devin Rao,2026-07-08,Virtual,20,Met with the HCP via virtual to discuss real-world outcomes and treatment patterns post-T-DXd for Enhertu (trastuzumab deruxtecan (T-DXd)) in HER2+ metastatic gastric cancer. Overall tone was positive and scientific interest appeared high. Wants safety management guidance regarding dosing evidence. Requested a follow-up with additional materials. Non-promotional scientific exchange only.
INT-00326,HCP-00073,Dr. Devin Rao,2026-03-04,Virtual,30,Met with the HCP via virtual to discuss HER2-ultralow diagnostic thresholds and assay standardization for Enhertu (trastuzumab deruxtecan (T-DXd)) in HER2+ metastatic gastric cancer. Overall tone was positive and scientific interest appeared low. Asked for dosing schedule details regarding subgroup analysis evidence. HCP compared experience with Phesgo and asked how our data differs. Requested a follow-up with additional materials. Non-promotional scientific exchange only.
INT-00327,HCP-00080,Dr. Devin Rao,2026-06-10,In-person,60,Met with the HCP via in-person to discuss HER2 IHC testing and HER2-low patient identification for Vanflyta (quizartinib) in FLT3-ITD+ acute myeloid leukemia. Overall tone was neutral and scientific interest appeared low. Wants real-world evidence data regarding subgroup analysis evidence. HCP compared experience with Kadcyla and asked how our data differs. No specific follow-up requested at this time. Non-promotional scientific exchange only.
INT-00328,HCP-00246,Dr. Devin Rao,2026-03-30,Congress,15,Met with the HCP via congress to discuss real-world evidence for T-DXd in HER2-low populations for HER3-DXd (patritumab deruxtecan (pipeline)) in EGFR-mutant NSCLC (investigational). Overall tone was neutral and scientific interest appeared medium. Requested peer-reviewed publications regarding dosing evidence. No specific follow-up requested at this time. Non-promotional scientific exchange only.
INT-00329,HCP-00276,Dr. Grace Lim,2026-02-26,Congress,45,Met with the HCP via congress to discuss HER2-ultralow diagnostic thresholds and assay standardization for HER3-DXd (patritumab deruxtecan (pipeline)) in EGFR-mutant NSCLC (investigational). Overall tone was negative and scientific interest appeared medium. Requested clinical trial enrollment info regarding real-world evidence evidence. HCP compared experience with Phesgo and asked how our data differs. No specific follow-up requested at this time. Non-promotional scientific exchange only.
INT-00330,HCP-00218,Dr. Elise Fournier,2026-04-20,Phone,45,Met with the HCP via phone to discuss combination strategies with immunotherapy for HER3-DXd (patritumab deruxtecan (pipeline)) in EGFR-mutant NSCLC (investigational). Overall tone was neutral and scientific interest appeared medium. Requested biomarker testing guidance regarding real-world evidence evidence. HCP compared experience with Phesgo and asked how our data differs. No specific follow-up requested at this time. Non-promotional scientific exchange only.
INT-00331,HCP-00261,Dr. Elise Fournier,2026-08-12,In-person,45,Met with the HCP via in-person to discuss ADC-related ILD adverse event grading and dose interruption for Vanflyta (quizartinib) in FLT3-ITD+ acute myeloid leukemia. Overall tone was neutral and scientific interest appeared high. Asked for dosing schedule details regarding efficacy evidence. No specific follow-up requested at this time. Non-promotional scientific exchange only.
INT-00332,HCP-00195,Dr. Devin Rao,2026-05-14,In-person,15,Met with the HCP via in-person to discuss DESTINY-Breast04 and DESTINY-Breast06 efficacy data for Datroway (datopotamab deruxtecan (Dato-DXd)) in TROP2 metastatic NSCLC. Overall tone was neutral and scientific interest appeared low. Requested subgroup analysis regarding comparative evidence. HCP compared experience with Perjeta and asked how our data differs. Requested a follow-up with additional materials. Non-promotional scientific exchange only.
INT-00333,HCP-00130,Dr. Henry Kwon,2026-08-06,Phone,30,Met with the HCP via phone to discuss general scientific exchange on the oncology portfolio for Enhertu (trastuzumab deruxtecan (T-DXd)) in HER2-mutant metastatic NSCLC. Overall tone was neutral and scientific interest appeared low. Asked about mechanism of action regarding safety evidence. Requested a follow-up with additional materials. Non-promotional scientific exchange only.
INT-00334,HCP-00027,Dr. Farid Nazari,2026-02-05,In-person,30,Met with the HCP via in-person to discuss HER2-ultralow diagnostic thresholds and assay standardization for Datroway (datopotamab deruxtecan (Dato-DXd)) in TROP2 metastatic NSCLC. Overall tone was neutral and scientific interest appeared medium. Requested subgroup analysis regarding comparative evidence. Requested a follow-up with additional materials. Non-promotional scientific exchange only.
INT-00335,HCP-00020,Dr. Henry Kwon,2026-03-05,In-person,45,Met with the HCP via in-person to discuss real-world outcomes and treatment patterns post-T-DXd for HER3-DXd (patritumab deruxtecan (pipeline)) in EGFR-mutant NSCLC (investigational). Overall tone was neutral and scientific interest appeared low. Requested biomarker testing guidance regarding biomarker evidence. HCP compared experience with Perjeta and asked how our data differs. Requested a follow-up with additional materials. Non-promotional scientific exchange only.
INT-00336,HCP-00163,Dr. Henry Kwon,2026-05-13,Email,30,Met with the HCP via email to discuss DESTINY-Breast04 and DESTINY-Breast06 efficacy data for HER3-DXd (patritumab deruxtecan (pipeline)) in EGFR-mutant NSCLC (investigational). Overall tone was neutral and scientific interest appeared high. Requested clinical trial enrollment info regarding dosing evidence. No specific follow-up requested at this time. Non-promotional scientific exchange only.
INT-00337,HCP-00291,Dr. Amara Osei,2026-06-11,Virtual,30,Met with the HCP via virtual to discuss CNS activity and brain metastases outcomes for HER3-DXd (patritumab deruxtecan (pipeline)) in EGFR-mutant NSCLC (investigational). Overall tone was positive and scientific interest appeared medium. Wants real-world evidence data regarding subgroup analysis evidence. HCP compared experience with Phesgo and asked how our data differs. Requested a follow-up with additional materials. Non-promotional scientific exchange only.
INT-00338,HCP-00129,Dr. Henry Kwon,2026-02-20,In-person,20,Met with the HCP via in-person to discuss intracranial response in patients with brain metastases for Enhertu (trastuzumab deruxtecan (T-DXd)) in HER2-mutant metastatic NSCLC. Overall tone was neutral and scientific interest appeared medium. Asked for congress data / abstracts regarding mechanism of action evidence. HCP compared experience with Tukysa and asked how our data differs. Requested a follow-up with additional materials. Non-promotional scientific exchange only.
INT-00339,HCP-00027,Dr. Farid Nazari,2026-04-09,Congress,30,Met with the HCP via congress to discuss combination strategies with immunotherapy for Vanflyta (quizartinib) in FLT3-ITD+ acute myeloid leukemia. Overall tone was positive and scientific interest appeared medium. Requested subgroup analysis regarding efficacy evidence. HCP compared experience with Perjeta and asked how our data differs. No specific follow-up requested at this time. Non-promotional scientific exchange only.
INT-00340,HCP-00183,Dr. Farid Nazari,2026-01-11,In-person,20,Met with the HCP via in-person to discuss real-world evidence for T-DXd in HER2-low populations for Vanflyta (quizartinib) in FLT3-ITD+ acute myeloid leukemia. Overall tone was negative and scientific interest appeared medium. Wants safety management guidance regarding mechanism of action evidence. HCP compared experience with Trodelvy and asked how our data differs. Requested a follow-up with additional materials. Non-promotional scientific exchange only.
INT-00341,HCP-00112,Dr. Elise Fournier,2026-03-02,Congress,15,Met with the HCP via congress to discuss interstitial lung disease / pneumonitis monitoring and management for HER3-DXd (patritumab deruxtecan (pipeline)) in EGFR-mutant NSCLC (investigational). Overall tone was negative and scientific interest appeared high. Requested biomarker testing guidance regarding biomarker evidence. HCP compared experience with Kadcyla and asked how our data differs. No specific follow-up requested at this time. Non-promotional scientific exchange only.
INT-00342,HCP-00263,Dr. Clara Winters,2026-06-05,Phone,20,Met with the HCP via phone to discuss head-to-head data and comparative effectiveness for Enhertu (trastuzumab deruxtecan (T-DXd)) in HER2-low metastatic breast cancer. Overall tone was neutral and scientific interest appeared medium. Requested biomarker testing guidance regarding biomarker evidence. HCP compared experience with Trodelvy and asked how our data differs. No specific follow-up requested at this time. Non-promotional scientific exchange only.
INT-00343,HCP-00092,Dr. Amara Osei,2026-06-10,Congress,15,Met with the HCP via congress to discuss head-to-head data and comparative effectiveness for Datroway (datopotamab deruxtecan (Dato-DXd)) in HR+/HER2- metastatic breast cancer. Overall tone was positive and scientific interest appeared low. Asked about mechanism of action regarding comparative evidence. Requested a follow-up with additional materials. Non-promotional scientific exchange only.
INT-00344,HCP-00249,Dr. Ben Carrington,2026-02-20,In-person,20,Met with the HCP via in-person to discuss real-world evidence for T-DXd in HER2-low populations for Vanflyta (quizartinib) in FLT3-ITD+ acute myeloid leukemia. Overall tone was neutral and scientific interest appeared high. Requested comparative efficacy data regarding dosing evidence. HCP compared experience with Perjeta and asked how our data differs. Requested a follow-up with additional materials. Non-promotional scientific exchange only.
INT-00345,HCP-00141,Dr. Grace Lim,2026-07-11,Email,20,Met with the HCP via email to discuss real-world outcomes and treatment patterns post-T-DXd for Datroway (datopotamab deruxtecan (Dato-DXd)) in TROP2 metastatic NSCLC. Overall tone was positive and scientific interest appeared low. Requested comparative efficacy data regarding mechanism of action evidence. HCP compared experience with Perjeta and asked how our data differs. No specific follow-up requested at this time. Non-promotional scientific exchange only.
INT-00346,HCP-00158,Dr. Amara Osei,2026-03-29,Email,20,Met with the HCP via email to discuss DESTINY-Breast04 and DESTINY-Breast06 efficacy data for Vanflyta (quizartinib) in FLT3-ITD+ acute myeloid leukemia. Overall tone was positive and scientific interest appeared high. Asked about mechanism of action regarding biomarker evidence. No specific follow-up requested at this time. Non-promotional scientific exchange only.
INT-00347,HCP-00045,Dr. Elise Fournier,2026-05-03,Virtual,20,Met with the HCP via virtual to discuss real-world outcomes and treatment patterns post-T-DXd for Vanflyta (quizartinib) in FLT3-ITD+ acute myeloid leukemia. Overall tone was negative and scientific interest appeared medium. Asked for congress data / abstracts regarding mechanism of action evidence. Requested a follow-up with additional materials. Non-promotional scientific exchange only.
INT-00348,HCP-00080,Dr. Elise Fournier,2026-06-05,Phone,30,Met with the HCP via phone to discuss ADC-related ILD adverse event grading and dose interruption for Vanflyta (quizartinib) in FLT3-ITD+ acute myeloid leukemia. Overall tone was positive and scientific interest appeared medium. Asked for congress data / abstracts regarding subgroup analysis evidence. Requested a follow-up with additional materials. Non-promotional scientific exchange only.
INT-00349,HCP-00063,Dr. Grace Lim,2026-01-12,Congress,30,Met with the HCP via congress to discuss ADC-related ILD adverse event grading and dose interruption for Datroway (datopotamab deruxtecan (Dato-DXd)) in TROP2 metastatic NSCLC. Overall tone was negative and scientific interest appeared medium. Wants real-world evidence data regarding dosing evidence. HCP compared experience with Tukysa and asked how our data differs. No specific follow-up requested at this time. Non-promotional scientific exchange only.
INT-00350,HCP-00050,Dr. Elise Fournier,2026-01-16,Phone,15,Met with the HCP via phone to discuss real-world evidence for T-DXd in HER2-low populations for Datroway (datopotamab deruxtecan (Dato-DXd)) in HR+/HER2- metastatic breast cancer. Overall tone was neutral and scientific interest appeared high. Asked about mechanism of action regarding mechanism of action evidence. HCP compared experience with Tukysa and asked how our data differs. Requested a follow-up with additional materials. Non-promotional scientific exchange only.
INT-00351,HCP-00218,Dr. Elise Fournier,2026-07-03,Phone,45,Met with the HCP via phone to discuss general scientific exchange on the oncology portfolio for Datroway (datopotamab deruxtecan (Dato-DXd)) in HR+/HER2- metastatic breast cancer. Overall tone was neutral and scientific interest appeared medium. Requested biomarker testing guidance regarding subgroup analysis evidence. No specific follow-up requested at this time. Non-promotional scientific exchange only.
INT-00352,HCP-00143,Dr. Farid Nazari,2026-07-10,Phone,60,Met with the HCP via phone to discuss HER2 IHC testing and HER2-low patient identification for HER3-DXd (patritumab deruxtecan (pipeline)) in EGFR-mutant NSCLC (investigational). Overall tone was neutral and scientific interest appeared high. Asked about mechanism of action regarding subgroup analysis evidence. HCP compared experience with Phesgo and asked how our data differs. No specific follow-up requested at this time. Non-promotional scientific exchange only.
INT-00353,HCP-00045,Dr. Farid Nazari,2026-02-06,Email,30,Met with the HCP via email to discuss long-term duration of response and survival outcomes for Vanflyta (quizartinib) in FLT3-ITD+ acute myeloid leukemia. Overall tone was negative and scientific interest appeared high. Asked for congress data / abstracts regarding efficacy evidence. No specific follow-up requested at this time. Non-promotional scientific exchange only.
INT-00354,HCP-00212,Dr. Clara Winters,2026-04-27,Virtual,15,Met with the HCP via virtual to discuss HER2-ultralow diagnostic thresholds and assay standardization for HER3-DXd (patritumab deruxtecan (pipeline)) in EGFR-mutant NSCLC (investigational). Overall tone was positive and scientific interest appeared medium. Asked for congress data / abstracts regarding real-world evidence evidence. HCP compared experience with Phesgo and asked how our data differs. No specific follow-up requested at this time. Non-promotional scientific exchange only.
INT-00355,HCP-00058,Dr. Clara Winters,2026-01-31,Virtual,20,Met with the HCP via virtual to discuss comparative evidence versus T-DM1 and trastuzumab for HER3-DXd (patritumab deruxtecan (pipeline)) in EGFR-mutant NSCLC (investigational). Overall tone was neutral and scientific interest appeared high. Wants real-world evidence data regarding safety evidence. HCP compared experience with Perjeta and asked how our data differs. Requested a follow-up with additional materials. Non-promotional scientific exchange only.
INT-00356,HCP-00079,Dr. Farid Nazari,2026-05-31,Congress,15,Met with the HCP via congress to discuss CNS activity and brain metastases outcomes for Enhertu (trastuzumab deruxtecan (T-DXd)) in HER2+ metastatic gastric cancer. Overall tone was positive and scientific interest appeared high. Wants safety management guidance regarding comparative evidence. No specific follow-up requested at this time. Non-promotional scientific exchange only.
INT-00357,HCP-00195,Dr. Clara Winters,2026-07-23,Virtual,30,Met with the HCP via virtual to discuss real-world evidence for T-DXd in HER2-low populations for Enhertu (trastuzumab deruxtecan (T-DXd)) in HER2-mutant metastatic NSCLC. Overall tone was positive and scientific interest appeared low. Requested peer-reviewed publications regarding efficacy evidence. HCP compared experience with Perjeta and asked how our data differs. No specific follow-up requested at this time. Non-promotional scientific exchange only.
INT-00358,HCP-00055,Dr. Henry Kwon,2026-07-18,Phone,60,Met with the HCP via phone to discuss HER2 IHC testing and HER2-low patient identification for Enhertu (trastuzumab deruxtecan (T-DXd)) in HER2-mutant metastatic NSCLC. Overall tone was negative and scientific interest appeared high. Requested comparative efficacy data regarding real-world evidence evidence. Requested a follow-up with additional materials. Non-promotional scientific exchange only.
INT-00359,HCP-00288,Dr. Elise Fournier,2026-03-03,Phone,20,Met with the HCP via phone to discuss head-to-head data and comparative effectiveness for Enhertu (trastuzumab deruxtecan (T-DXd)) in HER2+ metastatic breast cancer. Overall tone was neutral and scientific interest appeared medium. Requested peer-reviewed publications regarding comparative evidence. HCP compared experience with Kadcyla and asked how our data differs. No specific follow-up requested at this time. Non-promotional scientific exchange only.
INT-00360,HCP-00001,Dr. Clara Winters,2026-02-17,Phone,30,Met with the HCP via phone to discuss HER2 IHC testing and HER2-low patient identification for HER3-DXd (patritumab deruxtecan (pipeline)) in EGFR-mutant NSCLC (investigational). Overall tone was neutral and scientific interest appeared medium. Requested subgroup analysis regarding biomarker evidence. No specific follow-up requested at this time. Non-promotional scientific exchange only.
INT-00361,HCP-00181,Dr. Grace Lim,2026-06-22,Email,45,Met with the HCP via email to discuss head-to-head data and comparative effectiveness for Enhertu (trastuzumab deruxtecan (T-DXd)) in HER2+ metastatic breast cancer. Overall tone was positive and scientific interest appeared high. Wants safety management guidance regarding subgroup analysis evidence. HCP compared experience with Perjeta and asked how our data differs. Requested a follow-up with additional materials. Non-promotional scientific exchange only.
INT-00362,HCP-00116,Dr. Henry Kwon,2026-02-01,Email,30,Met with the HCP via email to discuss nausea and dosing management for antibody-drug conjugates for Datroway (datopotamab deruxtecan (Dato-DXd)) in TROP2 metastatic NSCLC. Overall tone was negative and scientific interest appeared high. Asked about mechanism of action regarding real-world evidence evidence. HCP compared experience with Kadcyla and asked how our data differs. No specific follow-up requested at this time. Non-promotional scientific exchange only.
INT-00363,HCP-00260,Dr. Amara Osei,2026-07-31,Phone,30,Met with the HCP via phone to discuss optimal sequencing after T-DXd progression for Vanflyta (quizartinib) in FLT3-ITD+ acute myeloid leukemia. Overall tone was positive and scientific interest appeared high. Asked about mechanism of action regarding real-world evidence evidence. HCP compared experience with Phesgo and asked how our data differs. Requested a follow-up with additional materials. Non-promotional scientific exchange only.
INT-00364,HCP-00102,Dr. Henry Kwon,2026-08-14,Virtual,30,Met with the HCP via virtual to discuss intracranial response in patients with brain metastases for Vanflyta (quizartinib) in FLT3-ITD+ acute myeloid leukemia. Overall tone was neutral and scientific interest appeared medium. Asked for dosing schedule details regarding safety evidence. HCP compared experience with Trodelvy and asked how our data differs. Requested a follow-up with additional materials. Non-promotional scientific exchange only.
INT-00365,HCP-00001,Dr. Elise Fournier,2026-04-23,Phone,30,Met with the HCP via phone to discuss TROP2 expression and biomarker-driven patient selection for Enhertu (trastuzumab deruxtecan (T-DXd)) in HER2-mutant metastatic NSCLC. Overall tone was positive and scientific interest appeared high. Asked for congress data / abstracts regarding biomarker evidence. No specific follow-up requested at this time. Non-promotional scientific exchange only.
INT-00366,HCP-00288,Dr. Henry Kwon,2026-06-25,Email,60,Met with the HCP via email to discuss head-to-head data and comparative effectiveness for Datroway (datopotamab deruxtecan (Dato-DXd)) in HR+/HER2- metastatic breast cancer. Overall tone was negative and scientific interest appeared low. Requested clinical trial enrollment info regarding real-world evidence evidence. HCP compared experience with Trodelvy and asked how our data differs. No specific follow-up requested at this time. Non-promotional scientific exchange only.
INT-00367,HCP-00241,Dr. Clara Winters,2026-07-10,Phone,45,Met with the HCP via phone to discuss intracranial response in patients with brain metastases for Datroway (datopotamab deruxtecan (Dato-DXd)) in TROP2 metastatic NSCLC. Overall tone was positive and scientific interest appeared medium. Asked for dosing schedule details regarding mechanism of action evidence. No specific follow-up requested at this time. Non-promotional scientific exchange only.
INT-00368,HCP-00110,Dr. Devin Rao,2026-02-13,Congress,45,Met with the HCP via congress to discuss combination strategies with immunotherapy for Datroway (datopotamab deruxtecan (Dato-DXd)) in HR+/HER2- metastatic breast cancer. Overall tone was positive and scientific interest appeared high. Requested peer-reviewed publications regarding safety evidence. HCP compared experience with Tukysa and asked how our data differs. Requested a follow-up with additional materials. Non-promotional scientific exchange only.
INT-00369,HCP-00006,Dr. Amara Osei,2026-01-04,In-person,60,Met with the HCP via in-person to discuss combination strategies with immunotherapy for HER3-DXd (patritumab deruxtecan (pipeline)) in EGFR-mutant NSCLC (investigational). Overall tone was negative and scientific interest appeared medium. Requested clinical trial enrollment info regarding safety evidence. HCP compared experience with Trodelvy and asked how our data differs. No specific follow-up requested at this time. Non-promotional scientific exchange only.
INT-00370,HCP-00121,Dr. Amara Osei,2026-06-26,Congress,60,Met with the HCP via congress to discuss interstitial lung disease / pneumonitis monitoring and management for Datroway (datopotamab deruxtecan (Dato-DXd)) in TROP2 metastatic NSCLC. Overall tone was neutral and scientific interest appeared high. Asked for congress data / abstracts regarding real-world evidence evidence. Requested a follow-up with additional materials. Non-promotional scientific exchange only.
INT-00371,HCP-00036,Dr. Clara Winters,2026-04-06,Virtual,60,Met with the HCP via virtual to discuss CNS activity and brain metastases outcomes for Vanflyta (quizartinib) in FLT3-ITD+ acute myeloid leukemia. Overall tone was negative and scientific interest appeared high. Requested subgroup analysis regarding biomarker evidence. HCP compared experience with Trodelvy and asked how our data differs. Requested a follow-up with additional materials. Non-promotional scientific exchange only.
INT-00372,HCP-00081,Dr. Henry Kwon,2026-06-28,Virtual,20,Met with the HCP via virtual to discuss long-term duration of response and survival outcomes for Enhertu (trastuzumab deruxtecan (T-DXd)) in HER2+ metastatic gastric cancer. Overall tone was positive and scientific interest appeared high. Requested biomarker testing guidance regarding biomarker evidence. HCP compared experience with Kadcyla and asked how our data differs. No specific follow-up requested at this time. Non-promotional scientific exchange only.
INT-00373,HCP-00017,Dr. Devin Rao,2026-09-02,Email,45,Met with the HCP via email to discuss ADC-related ILD adverse event grading and dose interruption for Datroway (datopotamab deruxtecan (Dato-DXd)) in HR+/HER2- metastatic breast cancer. Overall tone was negative and scientific interest appeared low. Requested subgroup analysis regarding efficacy evidence. HCP compared experience with Kadcyla and asked how our data differs. Requested a follow-up with additional materials. Non-promotional scientific exchange only.
INT-00374,HCP-00034,Dr. Devin Rao,2026-09-23,In-person,45,Met with the HCP via in-person to discuss TROPION-Lung and TROPION-Breast trial design for Vanflyta (quizartinib) in FLT3-ITD+ acute myeloid leukemia. Overall tone was positive and scientific interest appeared high. Requested comparative efficacy data regarding subgroup analysis evidence. No specific follow-up requested at this time. Non-promotional scientific exchange only.
INT-00375,HCP-00278,Dr. Farid Nazari,2026-03-01,In-person,30,Met with the HCP via in-person to discuss intracranial response in patients with brain metastases for HER3-DXd (patritumab deruxtecan (pipeline)) in EGFR-mutant NSCLC (investigational). Overall tone was positive and scientific interest appeared low. Asked for dosing schedule details regarding real-world evidence evidence. HCP compared experience with Perjeta and asked how our data differs. No specific follow-up requested at this time. Non-promotional scientific exchange only.
INT-00376,HCP-00187,Dr. Amara Osei,2026-08-06,Congress,15,Met with the HCP via congress to discuss real-world outcomes and treatment patterns post-T-DXd for Datroway (datopotamab deruxtecan (Dato-DXd)) in HR+/HER2- metastatic breast cancer. Overall tone was negative and scientific interest appeared medium. Asked for dosing schedule details regarding comparative evidence. HCP compared experience with Perjeta and asked how our data differs. No specific follow-up requested at this time. Non-promotional scientific exchange only.
INT-00377,HCP-00039,Dr. Clara Winters,2026-07-09,Congress,15,Met with the HCP via congress to discuss combination strategies with immunotherapy for HER3-DXd (patritumab deruxtecan (pipeline)) in EGFR-mutant NSCLC (investigational). Overall tone was negative and scientific interest appeared high. Asked for dosing schedule details regarding dosing evidence. HCP compared experience with Tukysa and asked how our data differs. No specific follow-up requested at this time. Non-promotional scientific exchange only.
INT-00378,HCP-00032,Dr. Henry Kwon,2026-03-09,Virtual,60,Met with the HCP via virtual to discuss real-world outcomes and treatment patterns post-T-DXd for Datroway (datopotamab deruxtecan (Dato-DXd)) in TROP2 metastatic NSCLC. Overall tone was positive and scientific interest appeared high. Wants real-world evidence data regarding subgroup analysis evidence. HCP compared experience with Kadcyla and asked how our data differs. No specific follow-up requested at this time. Non-promotional scientific exchange only.
INT-00379,HCP-00054,Dr. Ben Carrington,2026-09-07,Virtual,60,Met with the HCP via virtual to discuss head-to-head data and comparative effectiveness for Vanflyta (quizartinib) in FLT3-ITD+ acute myeloid leukemia. Overall tone was neutral and scientific interest appeared medium. Asked for congress data / abstracts regarding dosing evidence. Requested a follow-up with additional materials. Non-promotional scientific exchange only.
INT-00380,HCP-00073,Dr. Amara Osei,2026-08-20,Congress,45,Met with the HCP via congress to discuss real-world evidence for T-DXd in HER2-low populations for Vanflyta (quizartinib) in FLT3-ITD+ acute myeloid leukemia. Overall tone was neutral and scientific interest appeared medium. Requested peer-reviewed publications regarding efficacy evidence. HCP compared experience with Trodelvy and asked how our data differs. Requested a follow-up with additional materials. Non-promotional scientific exchange only.
INT-00381,HCP-00239,Dr. Devin Rao,2026-01-01,In-person,60,Met with the HCP via in-person to discuss head-to-head data and comparative effectiveness for Enhertu (trastuzumab deruxtecan (T-DXd)) in HER2-mutant metastatic NSCLC. Overall tone was neutral and scientific interest appeared high. Requested subgroup analysis regarding comparative evidence. HCP compared experience with Phesgo and asked how our data differs. No specific follow-up requested at this time. Non-promotional scientific exchange only.
INT-00382,HCP-00019,Dr. Farid Nazari,2026-05-20,Congress,45,Met with the HCP via congress to discuss real-world evidence for T-DXd in HER2-low populations for Datroway (datopotamab deruxtecan (Dato-DXd)) in HR+/HER2- metastatic breast cancer. Overall tone was neutral and scientific interest appeared medium. Wants safety management guidance regarding real-world evidence evidence. HCP compared experience with Phesgo and asked how our data differs. No specific follow-up requested at this time. Non-promotional scientific exchange only.
INT-00383,HCP-00098,Dr. Elise Fournier,2026-04-26,In-person,45,Met with the HCP via in-person to discuss head-to-head data and comparative effectiveness for Datroway (datopotamab deruxtecan (Dato-DXd)) in HR+/HER2- metastatic breast cancer. Overall tone was positive and scientific interest appeared low. Wants safety management guidance regarding subgroup analysis evidence. Requested a follow-up with additional materials. Non-promotional scientific exchange only.
INT-00384,HCP-00065,Dr. Devin Rao,2026-06-21,Email,45,Met with the HCP via email to discuss long-term duration of response and survival outcomes for Datroway (datopotamab deruxtecan (Dato-DXd)) in TROP2 metastatic NSCLC. Overall tone was neutral and scientific interest appeared high. Asked for dosing schedule details regarding efficacy evidence. HCP compared experience with Tukysa and asked how our data differs. Requested a follow-up with additional materials. Non-promotional scientific exchange only.
INT-00385,HCP-00055,Dr. Clara Winters,2026-05-06,In-person,15,Met with the HCP via in-person to discuss real-world outcomes and treatment patterns post-T-DXd for Vanflyta (quizartinib) in FLT3-ITD+ acute myeloid leukemia. Overall tone was neutral and scientific interest appeared high. Requested comparative efficacy data regarding biomarker evidence. HCP compared experience with Kadcyla and asked how our data differs. No specific follow-up requested at this time. Non-promotional scientific exchange only.
INT-00386,HCP-00079,Dr. Ben Carrington,2026-04-06,Congress,30,Met with the HCP via congress to discuss CNS activity and brain metastases outcomes for HER3-DXd (patritumab deruxtecan (pipeline)) in EGFR-mutant NSCLC (investigational). Overall tone was negative and scientific interest appeared medium. Asked for dosing schedule details regarding safety evidence. HCP compared experience with Phesgo and asked how our data differs. No specific follow-up requested at this time. Non-promotional scientific exchange only.
INT-00387,HCP-00107,Dr. Henry Kwon,2026-07-19,Phone,30,Met with the HCP via phone to discuss comparative evidence versus T-DM1 and trastuzumab for Enhertu (trastuzumab deruxtecan (T-DXd)) in HER2+ metastatic gastric cancer. Overall tone was neutral and scientific interest appeared medium. Requested peer-reviewed publications regarding comparative evidence. Requested a follow-up with additional materials. Non-promotional scientific exchange only.
INT-00388,HCP-00033,Dr. Henry Kwon,2026-08-21,Email,45,Met with the HCP via email to discuss long-term duration of response and survival outcomes for HER3-DXd (patritumab deruxtecan (pipeline)) in EGFR-mutant NSCLC (investigational). Overall tone was positive and scientific interest appeared medium. Asked for dosing schedule details regarding dosing evidence. HCP compared experience with Perjeta and asked how our data differs. Requested a follow-up with additional materials. Non-promotional scientific exchange only.
INT-00389,HCP-00267,Dr. Devin Rao,2026-05-31,Phone,60,Met with the HCP via phone to discuss HER2-ultralow diagnostic thresholds and assay standardization for Vanflyta (quizartinib) in FLT3-ITD+ acute myeloid leukemia. Overall tone was positive and scientific interest appeared low. Wants safety management guidance regarding comparative evidence. HCP compared experience with Phesgo and asked how our data differs. Requested a follow-up with additional materials. Non-promotional scientific exchange only.
INT-00390,HCP-00276,Dr. Devin Rao,2026-09-06,Congress,20,Met with the HCP via congress to discuss combination strategies with immunotherapy for Datroway (datopotamab deruxtecan (Dato-DXd)) in TROP2 metastatic NSCLC. Overall tone was neutral and scientific interest appeared medium. Requested comparative efficacy data regarding efficacy evidence. Requested a follow-up with additional materials. Non-promotional scientific exchange only.
INT-00391,HCP-00216,Dr. Ben Carrington,2026-03-17,Congress,60,Met with the HCP via congress to discuss HER2 IHC testing and HER2-low patient identification for HER3-DXd (patritumab deruxtecan (pipeline)) in EGFR-mutant NSCLC (investigational). Overall tone was positive and scientific interest appeared medium. Asked for congress data / abstracts regarding safety evidence. No specific follow-up requested at this time. Non-promotional scientific exchange only.
INT-00392,HCP-00174,Dr. Devin Rao,2026-07-08,Email,45,Met with the HCP via email to discuss CNS activity and brain metastases outcomes for Enhertu (trastuzumab deruxtecan (T-DXd)) in HER2-ultralow metastatic breast cancer. Overall tone was positive and scientific interest appeared high. Asked for dosing schedule details regarding mechanism of action evidence. No specific follow-up requested at this time. Non-promotional scientific exchange only.
INT-00393,HCP-00182,Dr. Grace Lim,2026-04-14,Phone,30,Met with the HCP via phone to discuss nausea and dosing management for antibody-drug conjugates for Enhertu (trastuzumab deruxtecan (T-DXd)) in HER2-ultralow metastatic breast cancer. Overall tone was positive and scientific interest appeared high. Wants real-world evidence data regarding mechanism of action evidence. No specific follow-up requested at this time. Non-promotional scientific exchange only.
INT-00394,HCP-00293,Dr. Clara Winters,2026-06-21,Phone,30,Met with the HCP via phone to discuss TROPION-Lung and TROPION-Breast trial design for Datroway (datopotamab deruxtecan (Dato-DXd)) in TROP2 metastatic NSCLC. Overall tone was negative and scientific interest appeared high. Requested peer-reviewed publications regarding comparative evidence. HCP compared experience with Trodelvy and asked how our data differs. Requested a follow-up with additional materials. Non-promotional scientific exchange only.
INT-00395,HCP-00101,Dr. Henry Kwon,2026-04-20,Email,15,Met with the HCP via email to discuss optimal sequencing after T-DXd progression for Enhertu (trastuzumab deruxtecan (T-DXd)) in HER2+ metastatic gastric cancer. Overall tone was neutral and scientific interest appeared high. Requested biomarker testing guidance regarding biomarker evidence. HCP compared experience with Kadcyla and asked how our data differs. Requested a follow-up with additional materials. Non-promotional scientific exchange only.
INT-00396,HCP-00223,Dr. Clara Winters,2026-05-16,Email,20,Met with the HCP via email to discuss nausea and dosing management for antibody-drug conjugates for HER3-DXd (patritumab deruxtecan (pipeline)) in EGFR-mutant NSCLC (investigational). Overall tone was positive and scientific interest appeared medium. Requested biomarker testing guidance regarding subgroup analysis evidence. HCP compared experience with Tukysa and asked how our data differs. Requested a follow-up with additional materials. Non-promotional scientific exchange only.
INT-00397,HCP-00023,Dr. Elise Fournier,2026-01-14,Congress,15,Met with the HCP via congress to discuss HER2 IHC testing and HER2-low patient identification for HER3-DXd (patritumab deruxtecan (pipeline)) in EGFR-mutant NSCLC (investigational). Overall tone was neutral and scientific interest appeared high. Requested comparative efficacy data regarding safety evidence. HCP compared experience with Phesgo and asked how our data differs. Requested a follow-up with additional materials. Non-promotional scientific exchange only.
INT-00398,HCP-00133,Dr. Elise Fournier,2025-12-31,Virtual,30,Met with the HCP via virtual to discuss ADC-related ILD adverse event grading and dose interruption for Enhertu (trastuzumab deruxtecan (T-DXd)) in HER2+ metastatic breast cancer. Overall tone was neutral and scientific interest appeared medium. Wants safety management guidance regarding mechanism of action evidence. Requested a follow-up with additional materials. Non-promotional scientific exchange only.
INT-00399,HCP-00170,Dr. Devin Rao,2026-08-11,Phone,20,Met with the HCP via phone to discuss comparative evidence versus T-DM1 and trastuzumab for Enhertu (trastuzumab deruxtecan (T-DXd)) in HER2+ metastatic breast cancer. Overall tone was neutral and scientific interest appeared high. Requested subgroup analysis regarding subgroup analysis evidence. HCP compared experience with Perjeta and asked how our data differs. No specific follow-up requested at this time. Non-promotional scientific exchange only.
INT-00400,HCP-00185,Dr. Amara Osei,2026-02-07,Congress,30,Met with the HCP via congress to discuss nausea and dosing management for antibody-drug conjugates for Datroway (datopotamab deruxtecan (Dato-DXd)) in TROP2 metastatic NSCLC. Overall tone was neutral and scientific interest appeared medium. Wants real-world evidence data regarding mechanism of action evidence. HCP compared experience with Phesgo and asked how our data differs. Requested a follow-up with additional materials. Non-promotional scientific exchange only.
INT-00401,HCP-00092,Dr. Elise Fournier,2026-01-12,Virtual,30,Met with the HCP via virtual to discuss optimal sequencing after T-DXd progression for Vanflyta (quizartinib) in FLT3-ITD+ acute myeloid leukemia. Overall tone was positive and scientific interest appeared high. Requested peer-reviewed publications regarding mechanism of action evidence. No specific follow-up requested at this time. Non-promotional scientific exchange only.
INT-00402,HCP-00270,Dr. Grace Lim,2026-01-12,Email,15,Met with the HCP via email to discuss TROPION-Lung and TROPION-Breast trial design for Datroway (datopotamab deruxtecan (Dato-DXd)) in TROP2 metastatic NSCLC. Overall tone was positive and scientific interest appeared medium. Requested clinical trial enrollment info regarding subgroup analysis evidence. No specific follow-up requested at this time. Non-promotional scientific exchange only.
INT-00403,HCP-00174,Dr. Elise Fournier,2026-03-21,Email,20,Met with the HCP via email to discuss combination strategies with immunotherapy for Vanflyta (quizartinib) in FLT3-ITD+ acute myeloid leukemia. Overall tone was negative and scientific interest appeared low. Wants real-world evidence data regarding subgroup analysis evidence. No specific follow-up requested at this time. Non-promotional scientific exchange only.
INT-00404,HCP-00298,Dr. Grace Lim,2026-03-02,Virtual,15,Met with the HCP via virtual to discuss TROP2 expression and biomarker-driven patient selection for Enhertu (trastuzumab deruxtecan (T-DXd)) in HER2-low metastatic breast cancer. Overall tone was negative and scientific interest appeared medium. Wants real-world evidence data regarding safety evidence. HCP compared experience with Trodelvy and asked how our data differs. No specific follow-up requested at this time. Non-promotional scientific exchange only.
INT-00405,HCP-00278,Dr. Henry Kwon,2026-07-15,Email,30,Met with the HCP via email to discuss comparative evidence versus T-DM1 and trastuzumab for Enhertu (trastuzumab deruxtecan (T-DXd)) in HER2-low metastatic breast cancer. Overall tone was negative and scientific interest appeared medium. Asked for congress data / abstracts regarding biomarker evidence. HCP compared experience with Trodelvy and asked how our data differs. Requested a follow-up with additional materials. Non-promotional scientific exchange only.
INT-00406,HCP-00148,Dr. Amara Osei,2026-03-02,Congress,30,Met with the HCP via congress to discuss comparative evidence versus T-DM1 and trastuzumab for Enhertu (trastuzumab deruxtecan (T-DXd)) in HER2-low metastatic breast cancer. Overall tone was neutral and scientific interest appeared high. Wants safety management guidance regarding real-world evidence evidence. HCP compared experience with Phesgo and asked how our data differs. Requested a follow-up with additional materials. Non-promotional scientific exchange only.
INT-00407,HCP-00276,Dr. Elise Fournier,2026-09-18,Virtual,60,Met with the HCP via virtual to discuss combination strategies with immunotherapy for Datroway (datopotamab deruxtecan (Dato-DXd)) in HR+/HER2- metastatic breast cancer. Overall tone was neutral and scientific interest appeared high. Wants safety management guidance regarding efficacy evidence. No specific follow-up requested at this time. Non-promotional scientific exchange only.
INT-00408,HCP-00190,Dr. Clara Winters,2026-04-28,Email,30,Met with the HCP via email to discuss CNS activity and brain metastases outcomes for Datroway (datopotamab deruxtecan (Dato-DXd)) in TROP2 metastatic NSCLC. Overall tone was positive and scientific interest appeared medium. Wants safety management guidance regarding comparative evidence. No specific follow-up requested at this time. Non-promotional scientific exchange only.
INT-00409,HCP-00177,Dr. Grace Lim,2026-05-03,Virtual,60,Met with the HCP via virtual to discuss comparative evidence versus T-DM1 and trastuzumab for Datroway (datopotamab deruxtecan (Dato-DXd)) in HR+/HER2- metastatic breast cancer. Overall tone was positive and scientific interest appeared low. Requested comparative efficacy data regarding efficacy evidence. HCP compared experience with Kadcyla and asked how our data differs. No specific follow-up requested at this time. Non-promotional scientific exchange only.
INT-00410,HCP-00071,Dr. Clara Winters,2026-03-17,Phone,30,Met with the HCP via phone to discuss TROP2 expression and biomarker-driven patient selection for Datroway (datopotamab deruxtecan (Dato-DXd)) in TROP2 metastatic NSCLC. Overall tone was neutral and scientific interest appeared medium. Requested peer-reviewed publications regarding safety evidence. Requested a follow-up with additional materials. Non-promotional scientific exchange only.
INT-00411,HCP-00002,Dr. Farid Nazari,2026-03-31,Phone,20,Met with the HCP via phone to discuss real-world evidence for T-DXd in HER2-low populations for Vanflyta (quizartinib) in FLT3-ITD+ acute myeloid leukemia. Overall tone was positive and scientific interest appeared high. Wants real-world evidence data regarding safety evidence. HCP compared experience with Phesgo and asked how our data differs. No specific follow-up requested at this time. Non-promotional scientific exchange only.
INT-00412,HCP-00190,Dr. Devin Rao,2026-07-31,Phone,45,Met with the HCP via phone to discuss long-term duration of response and survival outcomes for Vanflyta (quizartinib) in FLT3-ITD+ acute myeloid leukemia. Overall tone was neutral and scientific interest appeared medium. Wants safety management guidance regarding biomarker evidence. No specific follow-up requested at this time. Non-promotional scientific exchange only.
INT-00413,HCP-00191,Dr. Grace Lim,2026-06-21,Congress,30,Met with the HCP via congress to discuss optimal sequencing after T-DXd progression for HER3-DXd (patritumab deruxtecan (pipeline)) in EGFR-mutant NSCLC (investigational). Overall tone was neutral and scientific interest appeared medium. Requested clinical trial enrollment info regarding comparative evidence. HCP compared experience with Kadcyla and asked how our data differs. Requested a follow-up with additional materials. Non-promotional scientific exchange only.
INT-00414,HCP-00146,Dr. Farid Nazari,2026-06-10,Congress,30,Met with the HCP via congress to discuss real-world outcomes and treatment patterns post-T-DXd for Vanflyta (quizartinib) in FLT3-ITD+ acute myeloid leukemia. Overall tone was negative and scientific interest appeared medium. Requested clinical trial enrollment info regarding dosing evidence. Requested a follow-up with additional materials. Non-promotional scientific exchange only.
INT-00415,HCP-00298,Dr. Ben Carrington,2026-05-08,Email,45,Met with the HCP via email to discuss real-world outcomes and treatment patterns post-T-DXd for Vanflyta (quizartinib) in FLT3-ITD+ acute myeloid leukemia. Overall tone was neutral and scientific interest appeared medium. Requested subgroup analysis regarding efficacy evidence. HCP compared experience with Trodelvy and asked how our data differs. No specific follow-up requested at this time. Non-promotional scientific exchange only.
INT-00416,HCP-00152,Dr. Henry Kwon,2026-06-26,In-person,30,Met with the HCP via in-person to discuss optimal sequencing after T-DXd progression for Vanflyta (quizartinib) in FLT3-ITD+ acute myeloid leukemia. Overall tone was positive and scientific interest appeared medium. Asked for congress data / abstracts regarding dosing evidence. No specific follow-up requested at this time. Non-promotional scientific exchange only.
INT-00417,HCP-00186,Dr. Elise Fournier,2026-05-04,Phone,15,Met with the HCP via phone to discuss TROP2 expression and biomarker-driven patient selection for Vanflyta (quizartinib) in FLT3-ITD+ acute myeloid leukemia. Overall tone was positive and scientific interest appeared medium. Wants real-world evidence data regarding comparative evidence. No specific follow-up requested at this time. Non-promotional scientific exchange only.
INT-00418,HCP-00231,Dr. Ben Carrington,2026-04-13,Congress,15,Met with the HCP via congress to discuss CNS activity and brain metastases outcomes for Vanflyta (quizartinib) in FLT3-ITD+ acute myeloid leukemia. Overall tone was neutral and scientific interest appeared high. Asked about mechanism of action regarding comparative evidence. No specific follow-up requested at this time. Non-promotional scientific exchange only.
INT-00419,HCP-00037,Dr. Devin Rao,2026-04-10,Virtual,20,Met with the HCP via virtual to discuss intracranial response in patients with brain metastases for HER3-DXd (patritumab deruxtecan (pipeline)) in EGFR-mutant NSCLC (investigational). Overall tone was positive and scientific interest appeared medium. Asked about mechanism of action regarding comparative evidence. Requested a follow-up with additional materials. Non-promotional scientific exchange only.
INT-00420,HCP-00080,Dr. Elise Fournier,2026-01-15,Phone,45,Met with the HCP via phone to discuss interstitial lung disease / pneumonitis monitoring and management for Datroway (datopotamab deruxtecan (Dato-DXd)) in TROP2 metastatic NSCLC. Overall tone was positive and scientific interest appeared high. Asked for dosing schedule details regarding subgroup analysis evidence. Requested a follow-up with additional materials. Non-promotional scientific exchange only.
INT-00421,HCP-00015,Dr. Grace Lim,2026-08-09,In-person,60,Met with the HCP via in-person to discuss HER2-ultralow diagnostic thresholds and assay standardization for Datroway (datopotamab deruxtecan (Dato-DXd)) in HR+/HER2- metastatic breast cancer. Overall tone was negative and scientific interest appeared medium. Requested biomarker testing guidance regarding subgroup analysis evidence. HCP compared experience with Phesgo and asked how our data differs. Requested a follow-up with additional materials. Non-promotional scientific exchange only.
INT-00422,HCP-00014,Dr. Clara Winters,2026-02-04,In-person,30,Met with the HCP via in-person to discuss TROP2 expression and biomarker-driven patient selection for Enhertu (trastuzumab deruxtecan (T-DXd)) in HER2+ metastatic breast cancer. Overall tone was neutral and scientific interest appeared high. Requested peer-reviewed publications regarding subgroup analysis evidence. No specific follow-up requested at this time. Non-promotional scientific exchange only.
INT-00423,HCP-00297,Dr. Devin Rao,2026-04-07,Phone,30,Met with the HCP via phone to discuss HER2-ultralow diagnostic thresholds and assay standardization for HER3-DXd (patritumab deruxtecan (pipeline)) in EGFR-mutant NSCLC (investigational). Overall tone was negative and scientific interest appeared medium. Requested clinical trial enrollment info regarding efficacy evidence. HCP compared experience with Trodelvy and asked how our data differs. Requested a follow-up with additional materials. Non-promotional scientific exchange only.
INT-00424,HCP-00166,Dr. Amara Osei,2026-07-14,Phone,30,Met with the HCP via phone to discuss comparative evidence versus T-DM1 and trastuzumab for HER3-DXd (patritumab deruxtecan (pipeline)) in EGFR-mutant NSCLC (investigational). Overall tone was neutral and scientific interest appeared low. Requested clinical trial enrollment info regarding efficacy evidence. HCP compared experience with Perjeta and asked how our data differs. No specific follow-up requested at this time. Non-promotional scientific exchange only.
INT-00425,HCP-00043,Dr. Henry Kwon,2026-08-04,Email,15,Met with the HCP via email to discuss intracranial response in patients with brain metastases for Datroway (datopotamab deruxtecan (Dato-DXd)) in TROP2 metastatic NSCLC. Overall tone was positive and scientific interest appeared high. Asked for dosing schedule details regarding safety evidence. HCP compared experience with Phesgo and asked how our data differs. Requested a follow-up with additional materials. Non-promotional scientific exchange only.
INT-00426,HCP-00286,Dr. Devin Rao,2026-02-26,Congress,15,Met with the HCP via congress to discuss nausea and dosing management for antibody-drug conjugates for Datroway (datopotamab deruxtecan (Dato-DXd)) in TROP2 metastatic NSCLC. Overall tone was positive and scientific interest appeared medium. Wants real-world evidence data regarding efficacy evidence. No specific follow-up requested at this time. Non-promotional scientific exchange only.
INT-00427,HCP-00291,Dr. Ben Carrington,2026-02-20,Congress,15,Met with the HCP via congress to discuss optimal sequencing after T-DXd progression for HER3-DXd (patritumab deruxtecan (pipeline)) in EGFR-mutant NSCLC (investigational). Overall tone was neutral and scientific interest appeared medium. Requested clinical trial enrollment info regarding safety evidence. HCP compared experience with Tukysa and asked how our data differs. No specific follow-up requested at this time. Non-promotional scientific exchange only.
INT-00428,HCP-00064,Dr. Grace Lim,2026-07-29,Virtual,45,Met with the HCP via virtual to discuss head-to-head data and comparative effectiveness for Datroway (datopotamab deruxtecan (Dato-DXd)) in HR+/HER2- metastatic breast cancer. Overall tone was negative and scientific interest appeared medium. Asked about mechanism of action regarding real-world evidence evidence. HCP compared experience with Trodelvy and asked how our data differs. Requested a follow-up with additional materials. Non-promotional scientific exchange only.
INT-00429,HCP-00037,Dr. Ben Carrington,2026-04-18,In-person,20,Met with the HCP via in-person to discuss HER2 IHC testing and HER2-low patient identification for Enhertu (trastuzumab deruxtecan (T-DXd)) in HER2-low metastatic breast cancer. Overall tone was negative and scientific interest appeared medium. Requested subgroup analysis regarding real-world evidence evidence. HCP compared experience with Phesgo and asked how our data differs. Requested a follow-up with additional materials. Non-promotional scientific exchange only.
INT-00430,HCP-00051,Dr. Clara Winters,2026-02-26,In-person,20,Met with the HCP via in-person to discuss combination strategies with immunotherapy for Vanflyta (quizartinib) in FLT3-ITD+ acute myeloid leukemia. Overall tone was positive and scientific interest appeared low. Requested biomarker testing guidance regarding subgroup analysis evidence. HCP compared experience with Kadcyla and asked how our data differs. No specific follow-up requested at this time. Non-promotional scientific exchange only.
INT-00431,HCP-00092,Dr. Henry Kwon,2026-04-09,Phone,20,Met with the HCP via phone to discuss combination strategies with immunotherapy for Datroway (datopotamab deruxtecan (Dato-DXd)) in TROP2 metastatic NSCLC. Overall tone was positive and scientific interest appeared low. Requested biomarker testing guidance regarding comparative evidence. HCP compared experience with Phesgo and asked how our data differs. No specific follow-up requested at this time. Non-promotional scientific exchange only.
INT-00432,HCP-00018,Dr. Amara Osei,2026-06-01,In-person,20,Met with the HCP via in-person to discuss TROPION-Lung and TROPION-Breast trial design for HER3-DXd (patritumab deruxtecan (pipeline)) in EGFR-mutant NSCLC (investigational). Overall tone was neutral and scientific interest appeared medium. Wants safety management guidance regarding dosing evidence. HCP compared experience with Perjeta and asked how our data differs. No specific follow-up requested at this time. Non-promotional scientific exchange only.
INT-00433,HCP-00299,Dr. Henry Kwon,2026-05-05,In-person,30,Met with the HCP via in-person to discuss CNS activity and brain metastases outcomes for Datroway (datopotamab deruxtecan (Dato-DXd)) in TROP2 metastatic NSCLC. Overall tone was neutral and scientific interest appeared low. Asked about mechanism of action regarding comparative evidence. HCP compared experience with Phesgo and asked how our data differs. No specific follow-up requested at this time. Non-promotional scientific exchange only.
INT-00434,HCP-00152,Dr. Farid Nazari,2026-06-04,Email,45,Met with the HCP via email to discuss comparative evidence versus T-DM1 and trastuzumab for Vanflyta (quizartinib) in FLT3-ITD+ acute myeloid leukemia. Overall tone was positive and scientific interest appeared high. Requested subgroup analysis regarding safety evidence. Requested a follow-up with additional materials. Non-promotional scientific exchange only.
INT-00435,HCP-00118,Dr. Ben Carrington,2026-07-03,Virtual,30,Met with the HCP via virtual to discuss HER2-ultralow diagnostic thresholds and assay standardization for Enhertu (trastuzumab deruxtecan (T-DXd)) in HER2+ metastatic breast cancer. Overall tone was positive and scientific interest appeared low. Asked about mechanism of action regarding efficacy evidence. No specific follow-up requested at this time. Non-promotional scientific exchange only.
INT-00436,HCP-00028,Dr. Elise Fournier,2026-06-22,Congress,45,Met with the HCP via congress to discuss TROPION-Lung and TROPION-Breast trial design for HER3-DXd (patritumab deruxtecan (pipeline)) in EGFR-mutant NSCLC (investigational). Overall tone was negative and scientific interest appeared low. Asked for congress data / abstracts regarding mechanism of action evidence. HCP compared experience with Kadcyla and asked how our data differs. Requested a follow-up with additional materials. Non-promotional scientific exchange only.
INT-00437,HCP-00109,Dr. Clara Winters,2026-08-08,In-person,20,Met with the HCP via in-person to discuss combination strategies with immunotherapy for Datroway (datopotamab deruxtecan (Dato-DXd)) in HR+/HER2- metastatic breast cancer. Overall tone was neutral and scientific interest appeared medium. Requested subgroup analysis regarding subgroup analysis evidence. No specific follow-up requested at this time. Non-promotional scientific exchange only.
INT-00438,HCP-00003,Dr. Devin Rao,2026-01-07,In-person,30,Met with the HCP via in-person to discuss real-world outcomes and treatment patterns post-T-DXd for Vanflyta (quizartinib) in FLT3-ITD+ acute myeloid leukemia. Overall tone was positive and scientific interest appeared medium. Wants safety management guidance regarding biomarker evidence. Requested a follow-up with additional materials. Non-promotional scientific exchange only.
INT-00439,HCP-00056,Dr. Devin Rao,2026-02-21,Congress,20,Met with the HCP via congress to discuss interstitial lung disease / pneumonitis monitoring and management for Vanflyta (quizartinib) in FLT3-ITD+ acute myeloid leukemia. Overall tone was negative and scientific interest appeared high. Asked for dosing schedule details regarding safety evidence. HCP compared experience with Phesgo and asked how our data differs. No specific follow-up requested at this time. Non-promotional scientific exchange only.
INT-00440,HCP-00021,Dr. Clara Winters,2026-04-24,Congress,30,Met with the HCP via congress to discuss DESTINY-Breast04 and DESTINY-Breast06 efficacy data for HER3-DXd (patritumab deruxtecan (pipeline)) in EGFR-mutant NSCLC (investigational). Overall tone was positive and scientific interest appeared high. Requested peer-reviewed publications regarding subgroup analysis evidence. Requested a follow-up with additional materials. Non-promotional scientific exchange only.
INT-00441,HCP-00240,Dr. Farid Nazari,2026-05-13,In-person,15,Met with the HCP via in-person to discuss real-world evidence for T-DXd in HER2-low populations for Datroway (datopotamab deruxtecan (Dato-DXd)) in TROP2 metastatic NSCLC. Overall tone was positive and scientific interest appeared high. Requested biomarker testing guidance regarding mechanism of action evidence. No specific follow-up requested at this time. Non-promotional scientific exchange only.
INT-00442,HCP-00241,Dr. Amara Osei,2026-05-18,Congress,20,Met with the HCP via congress to discuss ADC-related ILD adverse event grading and dose interruption for Enhertu (trastuzumab deruxtecan (T-DXd)) in HER2+ metastatic gastric cancer. Overall tone was positive and scientific interest appeared low. Asked for dosing schedule details regarding dosing evidence. Requested a follow-up with additional materials. Non-promotional scientific exchange only.
INT-00443,HCP-00117,Dr. Devin Rao,2026-09-09,In-person,20,Met with the HCP via in-person to discuss CNS activity and brain metastases outcomes for HER3-DXd (patritumab deruxtecan (pipeline)) in EGFR-mutant NSCLC (investigational). Overall tone was negative and scientific interest appeared low. Requested subgroup analysis regarding subgroup analysis evidence. HCP compared experience with Tukysa and asked how our data differs. No specific follow-up requested at this time. Non-promotional scientific exchange only.
INT-00444,HCP-00078,Dr. Farid Nazari,2026-09-25,Virtual,20,Met with the HCP via virtual to discuss real-world evidence for T-DXd in HER2-low populations for Enhertu (trastuzumab deruxtecan (T-DXd)) in HER2-ultralow metastatic breast cancer. Overall tone was negative and scientific interest appeared low. Requested clinical trial enrollment info regarding efficacy evidence. HCP compared experience with Trodelvy and asked how our data differs. No specific follow-up requested at this time. Non-promotional scientific exchange only.
INT-00445,HCP-00197,Dr. Grace Lim,2026-01-27,In-person,45,Met with the HCP via in-person to discuss DESTINY-Breast04 and DESTINY-Breast06 efficacy data for Enhertu (trastuzumab deruxtecan (T-DXd)) in HER2-ultralow metastatic breast cancer. Overall tone was neutral and scientific interest appeared medium. Requested subgroup analysis regarding comparative evidence. HCP compared experience with Perjeta and asked how our data differs. Requested a follow-up with additional materials. Non-promotional scientific exchange only.
INT-00446,HCP-00031,Dr. Clara Winters,2026-03-30,Phone,45,Met with the HCP via phone to discuss TROP2 expression and biomarker-driven patient selection for Enhertu (trastuzumab deruxtecan (T-DXd)) in HER2-low metastatic breast cancer. Overall tone was positive and scientific interest appeared high. Wants safety management guidance regarding dosing evidence. HCP compared experience with Tukysa and asked how our data differs. No specific follow-up requested at this time. Non-promotional scientific exchange only.
INT-00447,HCP-00227,Dr. Henry Kwon,2026-08-25,In-person,60,Met with the HCP via in-person to discuss long-term duration of response and survival outcomes for Enhertu (trastuzumab deruxtecan (T-DXd)) in HER2+ metastatic gastric cancer. Overall tone was negative and scientific interest appeared low. Asked for congress data / abstracts regarding comparative evidence. HCP compared experience with Kadcyla and asked how our data differs. No specific follow-up requested at this time. Non-promotional scientific exchange only.
INT-00448,HCP-00070,Dr. Henry Kwon,2026-04-07,Phone,45,Met with the HCP via phone to discuss HER2 IHC testing and HER2-low patient identification for Datroway (datopotamab deruxtecan (Dato-DXd)) in TROP2 metastatic NSCLC. Overall tone was neutral and scientific interest appeared high. Asked about mechanism of action regarding mechanism of action evidence. HCP compared experience with Kadcyla and asked how our data differs. No specific follow-up requested at this time. Non-promotional scientific exchange only.
INT-00449,HCP-00082,Dr. Devin Rao,2026-06-06,Virtual,60,Met with the HCP via virtual to discuss real-world evidence for T-DXd in HER2-low populations for HER3-DXd (patritumab deruxtecan (pipeline)) in EGFR-mutant NSCLC (investigational). Overall tone was positive and scientific interest appeared high. Requested clinical trial enrollment info regarding efficacy evidence. No specific follow-up requested at this time. Non-promotional scientific exchange only.
INT-00450,HCP-00256,Dr. Amara Osei,2026-06-06,Email,45,Met with the HCP via email to discuss combination strategies with immunotherapy for HER3-DXd (patritumab deruxtecan (pipeline)) in EGFR-mutant NSCLC (investigational). Overall tone was positive and scientific interest appeared high. Requested subgroup analysis regarding dosing evidence. HCP compared experience with Phesgo and asked how our data differs. No specific follow-up requested at this time. Non-promotional scientific exchange only.
INT-00451,HCP-00168,Dr. Clara Winters,2026-02-08,In-person,20,Met with the HCP via in-person to discuss TROPION-Lung and TROPION-Breast trial design for HER3-DXd (patritumab deruxtecan (pipeline)) in EGFR-mutant NSCLC (investigational). Overall tone was positive and scientific interest appeared medium. Requested biomarker testing guidance regarding subgroup analysis evidence. HCP compared experience with Phesgo and asked how our data differs. No specific follow-up requested at this time. Non-promotional scientific exchange only.
INT-00452,HCP-00281,Dr. Devin Rao,2026-05-01,In-person,15,Met with the HCP via in-person to discuss optimal sequencing after T-DXd progression for Vanflyta (quizartinib) in FLT3-ITD+ acute myeloid leukemia. Overall tone was neutral and scientific interest appeared high. Wants real-world evidence data regarding subgroup analysis evidence. HCP compared experience with Tukysa and asked how our data differs. Requested a follow-up with additional materials. Non-promotional scientific exchange only.
INT-00453,HCP-00092,Dr. Ben Carrington,2026-02-26,Phone,60,Met with the HCP via phone to discuss nausea and dosing management for antibody-drug conjugates for Vanflyta (quizartinib) in FLT3-ITD+ acute myeloid leukemia. Overall tone was positive and scientific interest appeared high. Asked for congress data / abstracts regarding comparative evidence. HCP compared experience with Phesgo and asked how our data differs. No specific follow-up requested at this time. Non-promotional scientific exchange only.
INT-00454,HCP-00254,Dr. Farid Nazari,2026-06-19,Email,60,Met with the HCP via email to discuss TROPION-Lung and TROPION-Breast trial design for HER3-DXd (patritumab deruxtecan (pipeline)) in EGFR-mutant NSCLC (investigational). Overall tone was neutral and scientific interest appeared low. Requested comparative efficacy data regarding efficacy evidence. HCP compared experience with Phesgo and asked how our data differs. Requested a follow-up with additional materials. Non-promotional scientific exchange only.
INT-00455,HCP-00223,Dr. Grace Lim,2026-03-10,Email,30,Met with the HCP via email to discuss real-world outcomes and treatment patterns post-T-DXd for Enhertu (trastuzumab deruxtecan (T-DXd)) in HER2+ metastatic breast cancer. Overall tone was positive and scientific interest appeared low. Requested biomarker testing guidance regarding mechanism of action evidence. No specific follow-up requested at this time. Non-promotional scientific exchange only.
INT-00456,HCP-00197,Dr. Henry Kwon,2026-09-07,Congress,20,Met with the HCP via congress to discuss long-term duration of response and survival outcomes for Vanflyta (quizartinib) in FLT3-ITD+ acute myeloid leukemia. Overall tone was neutral and scientific interest appeared medium. Asked about mechanism of action regarding subgroup analysis evidence. HCP compared experience with Perjeta and asked how our data differs. Requested a follow-up with additional materials. Non-promotional scientific exchange only.
INT-00457,HCP-00209,Dr. Elise Fournier,2026-01-29,In-person,30,Met with the HCP via in-person to discuss comparative evidence versus T-DM1 and trastuzumab for Datroway (datopotamab deruxtecan (Dato-DXd)) in HR+/HER2- metastatic breast cancer. Overall tone was positive and scientific interest appeared low. Asked for dosing schedule details regarding safety evidence. Requested a follow-up with additional materials. Non-promotional scientific exchange only.
INT-00458,HCP-00012,Dr. Amara Osei,2026-07-22,Congress,30,Met with the HCP via congress to discuss head-to-head data and comparative effectiveness for HER3-DXd (patritumab deruxtecan (pipeline)) in EGFR-mutant NSCLC (investigational). Overall tone was negative and scientific interest appeared medium. Wants real-world evidence data regarding mechanism of action evidence. HCP compared experience with Phesgo and asked how our data differs. No specific follow-up requested at this time. Non-promotional scientific exchange only.
INT-00459,HCP-00041,Dr. Grace Lim,2026-01-20,Virtual,15,Met with the HCP via virtual to discuss CNS activity and brain metastases outcomes for Vanflyta (quizartinib) in FLT3-ITD+ acute myeloid leukemia. Overall tone was neutral and scientific interest appeared medium. Wants real-world evidence data regarding dosing evidence. Requested a follow-up with additional materials. Non-promotional scientific exchange only.
INT-00460,HCP-00178,Dr. Elise Fournier,2026-04-25,In-person,45,Met with the HCP via in-person to discuss CNS activity and brain metastases outcomes for Vanflyta (quizartinib) in FLT3-ITD+ acute myeloid leukemia. Overall tone was positive and scientific interest appeared medium. Wants safety management guidance regarding subgroup analysis evidence. HCP compared experience with Kadcyla and asked how our data differs. No specific follow-up requested at this time. Non-promotional scientific exchange only.
INT-00461,HCP-00025,Dr. Farid Nazari,2026-06-11,In-person,45,Met with the HCP via in-person to discuss intracranial response in patients with brain metastases for Datroway (datopotamab deruxtecan (Dato-DXd)) in HR+/HER2- metastatic breast cancer. Overall tone was neutral and scientific interest appeared medium. Requested subgroup analysis regarding biomarker evidence. HCP compared experience with Tukysa and asked how our data differs. No specific follow-up requested at this time. Non-promotional scientific exchange only.
INT-00462,HCP-00013,Dr. Amara Osei,2026-01-30,Phone,30,Met with the HCP via phone to discuss comparative evidence versus T-DM1 and trastuzumab for Enhertu (trastuzumab deruxtecan (T-DXd)) in HER2-ultralow metastatic breast cancer. Overall tone was positive and scientific interest appeared high. Requested biomarker testing guidance regarding mechanism of action evidence. No specific follow-up requested at this time. Non-promotional scientific exchange only.
INT-00463,HCP-00207,Dr. Ben Carrington,2026-07-20,Email,45,Met with the HCP via email to discuss interstitial lung disease / pneumonitis monitoring and management for Datroway (datopotamab deruxtecan (Dato-DXd)) in TROP2 metastatic NSCLC. Overall tone was positive and scientific interest appeared medium. Requested biomarker testing guidance regarding efficacy evidence. No specific follow-up requested at this time. Non-promotional scientific exchange only.
INT-00464,HCP-00111,Dr. Amara Osei,2026-07-28,Phone,60,Met with the HCP via phone to discuss ADC-related ILD adverse event grading and dose interruption for Datroway (datopotamab deruxtecan (Dato-DXd)) in HR+/HER2- metastatic breast cancer. Overall tone was positive and scientific interest appeared high. Asked for congress data / abstracts regarding subgroup analysis evidence. HCP compared experience with Kadcyla and asked how our data differs. Requested a follow-up with additional materials. Non-promotional scientific exchange only.
INT-00465,HCP-00075,Dr. Farid Nazari,2026-08-16,Congress,30,Met with the HCP via congress to discuss ADC-related ILD adverse event grading and dose interruption for Datroway (datopotamab deruxtecan (Dato-DXd)) in HR+/HER2- metastatic breast cancer. Overall tone was negative and scientific interest appeared medium. Requested comparative efficacy data regarding efficacy evidence. No specific follow-up requested at this time. Non-promotional scientific exchange only.
INT-00466,HCP-00109,Dr. Clara Winters,2026-06-27,In-person,60,Met with the HCP via in-person to discuss intracranial response in patients with brain metastases for Datroway (datopotamab deruxtecan (Dato-DXd)) in TROP2 metastatic NSCLC. Overall tone was positive and scientific interest appeared high. Requested clinical trial enrollment info regarding subgroup analysis evidence. No specific follow-up requested at this time. Non-promotional scientific exchange only.
INT-00467,HCP-00016,Dr. Farid Nazari,2026-02-09,Email,45,Met with the HCP via email to discuss real-world outcomes and treatment patterns post-T-DXd for Datroway (datopotamab deruxtecan (Dato-DXd)) in HR+/HER2- metastatic breast cancer. Overall tone was positive and scientific interest appeared medium. Asked for dosing schedule details regarding mechanism of action evidence. HCP compared experience with Tukysa and asked how our data differs. Requested a follow-up with additional materials. Non-promotional scientific exchange only.
INT-00468,HCP-00280,Dr. Devin Rao,2026-03-13,Virtual,60,Met with the HCP via virtual to discuss real-world evidence for T-DXd in HER2-low populations for HER3-DXd (patritumab deruxtecan (pipeline)) in EGFR-mutant NSCLC (investigational). Overall tone was positive and scientific interest appeared high. Wants safety management guidance regarding biomarker evidence. No specific follow-up requested at this time. Non-promotional scientific exchange only.
INT-00469,HCP-00200,Dr. Devin Rao,2026-04-20,Email,30,Met with the HCP via email to discuss real-world evidence for T-DXd in HER2-low populations for HER3-DXd (patritumab deruxtecan (pipeline)) in EGFR-mutant NSCLC (investigational). Overall tone was negative and scientific interest appeared high. Requested subgroup analysis regarding biomarker evidence. No specific follow-up requested at this time. Non-promotional scientific exchange only.
INT-00470,HCP-00107,Dr. Farid Nazari,2026-09-17,Phone,45,Met with the HCP via phone to discuss CNS activity and brain metastases outcomes for Datroway (datopotamab deruxtecan (Dato-DXd)) in TROP2 metastatic NSCLC. Overall tone was positive and scientific interest appeared medium. Requested subgroup analysis regarding real-world evidence evidence. Requested a follow-up with additional materials. Non-promotional scientific exchange only.
INT-00471,HCP-00056,Dr. Ben Carrington,2026-05-04,In-person,45,Met with the HCP via in-person to discuss head-to-head data and comparative effectiveness for Vanflyta (quizartinib) in FLT3-ITD+ acute myeloid leukemia. Overall tone was neutral and scientific interest appeared high. Asked for dosing schedule details regarding mechanism of action evidence. No specific follow-up requested at this time. Non-promotional scientific exchange only.
INT-00472,HCP-00025,Dr. Elise Fournier,2026-07-05,In-person,30,Met with the HCP via in-person to discuss head-to-head data and comparative effectiveness for HER3-DXd (patritumab deruxtecan (pipeline)) in EGFR-mutant NSCLC (investigational). Overall tone was neutral and scientific interest appeared medium. Requested clinical trial enrollment info regarding biomarker evidence. Requested a follow-up with additional materials. Non-promotional scientific exchange only.
INT-00473,HCP-00244,Dr. Ben Carrington,2026-07-19,Virtual,45,Met with the HCP via virtual to discuss DESTINY-Breast04 and DESTINY-Breast06 efficacy data for Datroway (datopotamab deruxtecan (Dato-DXd)) in HR+/HER2- metastatic breast cancer. Overall tone was negative and scientific interest appeared medium. Requested comparative efficacy data regarding mechanism of action evidence. Requested a follow-up with additional materials. Non-promotional scientific exchange only.
INT-00474,HCP-00174,Dr. Farid Nazari,2026-04-22,Congress,20,Met with the HCP via congress to discuss ADC-related ILD adverse event grading and dose interruption for HER3-DXd (patritumab deruxtecan (pipeline)) in EGFR-mutant NSCLC (investigational). Overall tone was neutral and scientific interest appeared medium. Requested comparative efficacy data regarding efficacy evidence. HCP compared experience with Trodelvy and asked how our data differs. No specific follow-up requested at this time. Non-promotional scientific exchange only.
INT-00475,HCP-00276,Dr. Ben Carrington,2026-09-02,In-person,30,Met with the HCP via in-person to discuss DESTINY-Breast04 and DESTINY-Breast06 efficacy data for Enhertu (trastuzumab deruxtecan (T-DXd)) in HER2+ metastatic breast cancer. Overall tone was negative and scientific interest appeared medium. Asked for congress data / abstracts regarding real-world evidence evidence. HCP compared experience with Phesgo and asked how our data differs. No specific follow-up requested at this time. Non-promotional scientific exchange only.
INT-00476,HCP-00283,Dr. Elise Fournier,2026-06-14,Virtual,20,Met with the HCP via virtual to discuss interstitial lung disease / pneumonitis monitoring and management for Enhertu (trastuzumab deruxtecan (T-DXd)) in HER2+ metastatic gastric cancer. Overall tone was negative and scientific interest appeared low. Wants real-world evidence data regarding subgroup analysis evidence. HCP compared experience with Tukysa and asked how our data differs. Requested a follow-up with additional materials. Non-promotional scientific exchange only.
INT-00477,HCP-00244,Dr. Elise Fournier,2026-03-20,Virtual,30,Met with the HCP via virtual to discuss general scientific exchange on the oncology portfolio for HER3-DXd (patritumab deruxtecan (pipeline)) in EGFR-mutant NSCLC (investigational). Overall tone was neutral and scientific interest appeared medium. Requested peer-reviewed publications regarding safety evidence. Requested a follow-up with additional materials. Non-promotional scientific exchange only.
INT-00478,HCP-00076,Dr. Henry Kwon,2026-04-04,Congress,15,Met with the HCP via congress to discuss combination strategies with immunotherapy for Enhertu (trastuzumab deruxtecan (T-DXd)) in HER2-ultralow metastatic breast cancer. Overall tone was neutral and scientific interest appeared medium. Wants real-world evidence data regarding real-world evidence evidence. HCP compared experience with Tukysa and asked how our data differs. No specific follow-up requested at this time. Non-promotional scientific exchange only.
INT-00479,HCP-00124,Dr. Henry Kwon,2026-06-28,Virtual,30,Met with the HCP via virtual to discuss intracranial response in patients with brain metastases for Vanflyta (quizartinib) in FLT3-ITD+ acute myeloid leukemia. Overall tone was neutral and scientific interest appeared medium. Wants safety management guidance regarding real-world evidence evidence. Requested a follow-up with additional materials. Non-promotional scientific exchange only.
INT-00480,HCP-00153,Dr. Elise Fournier,2026-02-06,Email,30,Met with the HCP via email to discuss TROPION-Lung and TROPION-Breast trial design for HER3-DXd (patritumab deruxtecan (pipeline)) in EGFR-mutant NSCLC (investigational). Overall tone was positive and scientific interest appeared high. Requested subgroup analysis regarding mechanism of action evidence. No specific follow-up requested at this time. Non-promotional scientific exchange only.
INT-00481,HCP-00209,Dr. Grace Lim,2026-01-15,Phone,60,Met with the HCP via phone to discuss real-world evidence for T-DXd in HER2-low populations for HER3-DXd (patritumab deruxtecan (pipeline)) in EGFR-mutant NSCLC (investigational). Overall tone was neutral and scientific interest appeared medium. Asked about mechanism of action regarding comparative evidence. Requested a follow-up with additional materials. Non-promotional scientific exchange only.
INT-00482,HCP-00003,Dr. Devin Rao,2026-03-22,Email,60,Met with the HCP via email to discuss CNS activity and brain metastases outcomes for Vanflyta (quizartinib) in FLT3-ITD+ acute myeloid leukemia. Overall tone was neutral and scientific interest appeared high. Asked for congress data / abstracts regarding safety evidence. HCP compared experience with Phesgo and asked how our data differs. Requested a follow-up with additional materials. Non-promotional scientific exchange only.
INT-00483,HCP-00204,Dr. Farid Nazari,2026-03-18,Email,60,Met with the HCP via email to discuss ADC-related ILD adverse event grading and dose interruption for Enhertu (trastuzumab deruxtecan (T-DXd)) in HER2-low metastatic breast cancer. Overall tone was positive and scientific interest appeared medium. Requested clinical trial enrollment info regarding mechanism of action evidence. HCP compared experience with Kadcyla and asked how our data differs. Requested a follow-up with additional materials. Non-promotional scientific exchange only.
INT-00484,HCP-00085,Dr. Clara Winters,2026-06-24,In-person,60,Met with the HCP via in-person to discuss general scientific exchange on the oncology portfolio for Vanflyta (quizartinib) in FLT3-ITD+ acute myeloid leukemia. Overall tone was positive and scientific interest appeared medium. Wants safety management guidance regarding dosing evidence. HCP compared experience with Phesgo and asked how our data differs. No specific follow-up requested at this time. Non-promotional scientific exchange only.
INT-00485,HCP-00260,Dr. Farid Nazari,2026-05-22,Congress,20,Met with the HCP via congress to discuss DESTINY-Breast04 and DESTINY-Breast06 efficacy data for Vanflyta (quizartinib) in FLT3-ITD+ acute myeloid leukemia. Overall tone was neutral and scientific interest appeared medium. Asked for congress data / abstracts regarding real-world evidence evidence. HCP compared experience with Tukysa and asked how our data differs. No specific follow-up requested at this time. Non-promotional scientific exchange only.
INT-00486,HCP-00192,Dr. Devin Rao,2026-04-18,Virtual,20,Met with the HCP via virtual to discuss CNS activity and brain metastases outcomes for Vanflyta (quizartinib) in FLT3-ITD+ acute myeloid leukemia. Overall tone was neutral and scientific interest appeared medium. Requested peer-reviewed publications regarding biomarker evidence. No specific follow-up requested at this time. Non-promotional scientific exchange only.
INT-00487,HCP-00128,Dr. Farid Nazari,2026-09-14,In-person,30,Met with the HCP via in-person to discuss CNS activity and brain metastases outcomes for Vanflyta (quizartinib) in FLT3-ITD+ acute myeloid leukemia. Overall tone was positive and scientific interest appeared low. Requested subgroup analysis regarding subgroup analysis evidence. HCP compared experience with Phesgo and asked how our data differs. Requested a follow-up with additional materials. Non-promotional scientific exchange only.
INT-00488,HCP-00188,Dr. Farid Nazari,2026-05-07,Virtual,20,Met with the HCP via virtual to discuss intracranial response in patients with brain metastases for HER3-DXd (patritumab deruxtecan (pipeline)) in EGFR-mutant NSCLC (investigational). Overall tone was positive and scientific interest appeared high. Asked for congress data / abstracts regarding dosing evidence. HCP compared experience with Tukysa and asked how our data differs. Requested a follow-up with additional materials. Non-promotional scientific exchange only.
INT-00489,HCP-00031,Dr. Clara Winters,2026-01-15,Virtual,30,Met with the HCP via virtual to discuss TROP2 expression and biomarker-driven patient selection for HER3-DXd (patritumab deruxtecan (pipeline)) in EGFR-mutant NSCLC (investigational). Overall tone was positive and scientific interest appeared medium. Asked for dosing schedule details regarding comparative evidence. HCP compared experience with Tukysa and asked how our data differs. Requested a follow-up with additional materials. Non-promotional scientific exchange only.
INT-00490,HCP-00235,Dr. Grace Lim,2026-02-14,Virtual,30,Met with the HCP via virtual to discuss intracranial response in patients with brain metastases for HER3-DXd (patritumab deruxtecan (pipeline)) in EGFR-mutant NSCLC (investigational). Overall tone was positive and scientific interest appeared medium. Requested clinical trial enrollment info regarding subgroup analysis evidence. HCP compared experience with Tukysa and asked how our data differs. Requested a follow-up with additional materials. Non-promotional scientific exchange only.
INT-00491,HCP-00020,Dr. Amara Osei,2026-05-16,In-person,20,Met with the HCP via in-person to discuss real-world outcomes and treatment patterns post-T-DXd for Enhertu (trastuzumab deruxtecan (T-DXd)) in HER2+ metastatic gastric cancer. Overall tone was positive and scientific interest appeared medium. Requested peer-reviewed publications regarding dosing evidence. HCP compared experience with Trodelvy and asked how our data differs. No specific follow-up requested at this time. Non-promotional scientific exchange only.
INT-00492,HCP-00069,Dr. Farid Nazari,2026-05-24,Email,45,Met with the HCP via email to discuss intracranial response in patients with brain metastases for Enhertu (trastuzumab deruxtecan (T-DXd)) in HER2+ metastatic breast cancer. Overall tone was positive and scientific interest appeared medium. Wants safety management guidance regarding comparative evidence. No specific follow-up requested at this time. Non-promotional scientific exchange only.
INT-00493,HCP-00236,Dr. Clara Winters,2026-01-30,Email,30,Met with the HCP via email to discuss nausea and dosing management for antibody-drug conjugates for HER3-DXd (patritumab deruxtecan (pipeline)) in EGFR-mutant NSCLC (investigational). Overall tone was neutral and scientific interest appeared low. Asked about mechanism of action regarding biomarker evidence. HCP compared experience with Kadcyla and asked how our data differs. No specific follow-up requested at this time. Non-promotional scientific exchange only.
INT-00494,HCP-00160,Dr. Grace Lim,2026-05-06,Email,15,Met with the HCP via email to discuss general scientific exchange on the oncology portfolio for Datroway (datopotamab deruxtecan (Dato-DXd)) in TROP2 metastatic NSCLC. Overall tone was positive and scientific interest appeared high. Asked for congress data / abstracts regarding safety evidence. HCP compared experience with Tukysa and asked how our data differs. No specific follow-up requested at this time. Non-promotional scientific exchange only.
INT-00495,HCP-00101,Dr. Devin Rao,2026-07-12,Phone,15,Met with the HCP via phone to discuss head-to-head data and comparative effectiveness for HER3-DXd (patritumab deruxtecan (pipeline)) in EGFR-mutant NSCLC (investigational). Overall tone was positive and scientific interest appeared medium. Requested clinical trial enrollment info regarding real-world evidence evidence. HCP compared experience with Phesgo and asked how our data differs. Requested a follow-up with additional materials. Non-promotional scientific exchange only.
INT-00496,HCP-00139,Dr. Elise Fournier,2026-07-12,Congress,60,Met with the HCP via congress to discuss head-to-head data and comparative effectiveness for Vanflyta (quizartinib) in FLT3-ITD+ acute myeloid leukemia. Overall tone was positive and scientific interest appeared high. Requested peer-reviewed publications regarding mechanism of action evidence. No specific follow-up requested at this time. Non-promotional scientific exchange only.
INT-00497,HCP-00277,Dr. Grace Lim,2026-08-04,In-person,45,Met with the HCP via in-person to discuss ADC-related ILD adverse event grading and dose interruption for HER3-DXd (patritumab deruxtecan (pipeline)) in EGFR-mutant NSCLC (investigational). Overall tone was negative and scientific interest appeared high. Requested comparative efficacy data regarding comparative evidence. HCP compared experience with Perjeta and asked how our data differs. Requested a follow-up with additional materials. Non-promotional scientific exchange only.
INT-00498,HCP-00028,Dr. Amara Osei,2026-02-09,Virtual,30,Met with the HCP via virtual to discuss combination strategies with immunotherapy for Datroway (datopotamab deruxtecan (Dato-DXd)) in HR+/HER2- metastatic breast cancer. Overall tone was neutral and scientific interest appeared medium. Requested peer-reviewed publications regarding comparative evidence. HCP compared experience with Perjeta and asked how our data differs. Requested a follow-up with additional materials. Non-promotional scientific exchange only.
INT-00499,HCP-00110,Dr. Clara Winters,2026-03-12,Email,60,Met with the HCP via email to discuss nausea and dosing management for antibody-drug conjugates for Vanflyta (quizartinib) in FLT3-ITD+ acute myeloid leukemia. Overall tone was neutral and scientific interest appeared high. Requested peer-reviewed publications regarding real-world evidence evidence. No specific follow-up requested at this time. Non-promotional scientific exchange only.
INT-00500,HCP-00252,Dr. Clara Winters,2026-07-09,Virtual,30,Met with the HCP via virtual to discuss DESTINY-Breast04 and DESTINY-Breast06 efficacy data for Datroway (datopotamab deruxtecan (Dato-DXd)) in TROP2 metastatic NSCLC. Overall tone was positive and scientific interest appeared low. Wants safety management guidance regarding biomarker evidence. No specific follow-up requested at this time. Non-promotional scientific exchange only.
